{"sessionId": "032654", "runId": "pre-fix", "hypothesisId": "H4", "location": "main.py:perenos_sostoyaniya", "message": "screen state transfer", "data": {"new_name_id_ekran": "id_ekran_None", "old_ekran_before": 0, "screen_last_update": 0.0}, "timestamp": 1776770895748}
{"sessionId": "032654", "runId": "pre-fix", "hypothesisId": "H4", "location": "main.py:perenos_sostoyaniya", "message": "old_ekran updated", "data": {"old_ekran_after": "id_ekran_None"}, "timestamp": 1776770896367}
{"sessionId": "032654", "runId": "pre-fix", "hypothesisId": "H1", "location": "main.py:stiranie_pamyati", "message": "memory erase requested", "data": {"old_ekran_before": "id_ekran_None"}, "timestamp": 1776770905743}
{"sessionId": "032654", "runId": "pre-fix", "hypothesisId": "H1", "location": "main.py:stiranie_pamyati", "message": "memory erase completed", "data": {"old_ekran_after": 0}, "timestamp": 1776770906088}
{"sessionId": "032654", "runId": "pre-fix", "hypothesisId": "H4", "location": "main.py:perenos_sostoyaniya", "message": "screen state transfer", "data": {"new_name_id_ekran": "id_ekran_6b4efd9c8e72f3a5", "old_ekran_before": 0, "screen_last_update": 1776770902.244837}, "timestamp": 1776770906473}
{"sessionId": "032654", "runId": "pre-fix", "hypothesisId": "H4", "location": "main.py:perenos_sostoyaniya", "message": "old_ekran updated", "data": {"old_ekran_after": "id_ekran_6b4efd9c8e72f3a5"}, "timestamp": 1776770906474}
{"sessionId": "032654", "runId": "pre-fix", "hypothesisId": "H4", "location": "main.py:perenos_sostoyaniya", "message": "screen state transfer", "data": {"new_name_id_ekran": "id_ekran_6b4efd9c8e72f3a5", "old_ekran_before": "id_ekran_6b4efd9c8e72f3a5", "screen_last_update": 1776770906.5228753}, "timestamp": 1776770911125}
{"sessionId": "032654", "runId": "pre-fix", "hypothesisId": "H2", "location": "main.py:main_loop", "message": "input 1 branch executed; memory cleared and old_ekran re-injected", "data": {"old_ekran": "id_ekran_6b4efd9c8e72f3a5", "tekushiy_id": 5, "in_pamyat_name_len": 0, "online_svyaz_list_len": 2}, "timestamp": 1776770913778}
{"sessionId": "032654", "runId": "pre-fix", "hypothesisId": "H4", "location": "main.py:perenos_sostoyaniya", "message": "screen state transfer", "data": {"new_name_id_ekran": "id_ekran_6b4efd9c8e72f3a5", "old_ekran_before": "id_ekran_6b4efd9c8e72f3a5", "screen_last_update": 1776770911.1778066}, "timestamp": 1776770914001}
{"sessionId": "032654", "runId": "pre-fix", "hypothesisId": "H4", "location": "main.py:perenos_sostoyaniya", "message": "screen state transfer", "data": {"new_name_id_ekran": "id_ekran_fe560fc2fb2d6857", "old_ekran_before": "id_ekran_6b4efd9c8e72f3a5", "screen_last_update": 1776770915.9524848}, "timestamp": 1776770916147}
{"sessionId": "032654", "runId": "pre-fix", "hypothesisId": "H4", "location": "main.py:perenos_sostoyaniya", "message": "old_ekran updated", "data": {"old_ekran_after": "id_ekran_fe560fc2fb2d6857"}, "timestamp": 1776770916148}
{"sessionId": "032654", "runId": "pre-fix", "hypothesisId": "H4", "location": "main.py:perenos_sostoyaniya", "message": "screen state transfer", "data": {"new_name_id_ekran": "id_ekran_fe560fc2fb2d6857", "old_ekran_before": "id_ekran_fe560fc2fb2d6857", "screen_last_update": 1776770920.4227562}, "timestamp": 1776770921301}
{"sessionId": "032654", "runId": "pre-fix", "hypothesisId": "H4", "location": "main.py:perenos_sostoyaniya", "message": "screen state transfer", "data": {"new_name_id_ekran": "id_ekran_fe560fc2fb2d6857", "old_ekran_before": "id_ekran_fe560fc2fb2d6857", "screen_last_update": 1776770925.153908}, "timestamp": 1776770925923}
{"sessionId": "032654", "runId": "pre-fix", "hypothesisId": "H4", "location": "main.py:perenos_sostoyaniya", "message": "screen state transfer", "data": {"new_name_id_ekran": "id_ekran_fe560fc2fb2d6857", "old_ekran_before": "id_ekran_fe560fc2fb2d6857", "screen_last_update": 1776770929.6873927}, "timestamp": 1776770929723}
{"sessionId": "032654", "runId": "pre-fix", "hypothesisId": "H3", "location": "main.py:proshivka", "message": "picked first online link", "data": {"pervaya_online_svyaz": 14, "id_finish": 6}, "timestamp": 1776770932692}
{"sessionId": "032654", "runId": "pre-fix", "hypothesisId": "H4", "location": "main.py:perenos_sostoyaniya", "message": "screen state transfer", "data": {"new_name_id_ekran": "id_ekran_fe560fc2fb2d6857", "old_ekran_before": "id_ekran_fe560fc2fb2d6857", "screen_last_update": 1776770934.3137703}, "timestamp": 1776770937281}
{"sessionId": "032654", "runId": "pre-fix", "hypothesisId": "H4", "location": "main.py:perenos_sostoyaniya", "message": "screen state transfer", "data": {"new_name_id_ekran": "id_ekran_fe560fc2fb2d6857", "old_ekran_before": "id_ekran_fe560fc2fb2d6857", "screen_last_update": 1776770938.9606845}, "timestamp": 1776770939567}
{"sessionId": "032654", "runId": "pre-fix", "hypothesisId": "H3", "location": "main.py:proshivka", "message": "using existing path; executing first action", "data": {"pyt0": [8, 15], "online_svyaz_list0": 17}, "timestamp": 1776770944089}
{"sessionId": "032654", "runId": "pre-fix", "hypothesisId": "H4", "location": "main.py:perenos_sostoyaniya", "message": "screen state transfer", "data": {"new_name_id_ekran": "id_ekran_fe560fc2fb2d6857", "old_ekran_before": "id_ekran_fe560fc2fb2d6857", "screen_last_update": 1776770943.4403684}, "timestamp": 1776770944882}
{"sessionId": "032654", "runId": "pre-fix", "hypothesisId": "H1", "location": "main.py:main_loop", "message": "input 0 branch executed", "data": {"old_ekran_after": 0, "online_svyaz_list_len": 0, "in_pamyat_name_len": 1}, "timestamp": 1776770948088}
{"sessionId": "032654", "runId": "pre-fix", "hypothesisId": "H1", "location": "main.py:stiranie_pamyati", "message": "memory erase requested", "data": {"old_ekran_before": 0}, "timestamp": 1776772851385}
{"sessionId": "032654", "runId": "pre-fix", "hypothesisId": "H1", "location": "main.py:stiranie_pamyati", "message": "memory erase completed", "data": {"old_ekran_after": 0}, "timestamp": 1776772851627}
{"sessionId": "032654", "runId": "pre-fix", "hypothesisId": "H1", "location": "main.py:stiranie_pamyati", "message": "memory erase requested", "data": {"old_ekran_before": 0}, "timestamp": 1776772933532}
{"sessionId": "032654", "runId": "pre-fix", "hypothesisId": "H1", "location": "main.py:stiranie_pamyati", "message": "memory erase completed", "data": {"old_ekran_after": 0}, "timestamp": 1776772933734}
{"sessionId": "032654", "runId": "pre-fix", "hypothesisId": "H4", "location": "main.py:perenos_sostoyaniya", "message": "screen state transfer", "data": {"new_name_id_ekran": "id_ekran_1", "old_ekran_before": 0, "screen_last_update": 1776772934.7890198}, "timestamp": 1776772940330}
{"sessionId": "032654", "runId": "pre-fix", "hypothesisId": "H4", "location": "main.py:perenos_sostoyaniya", "message": "old_ekran updated", "data": {"old_ekran_after": "id_ekran_1"}, "timestamp": 1776772940331}
{"sessionId": "032654", "runId": "pre-fix", "hypothesisId": "H2", "location": "main.py:main_loop", "message": "input 1 branch executed; memory cleared and old_ekran re-injected", "data": {"old_ekran": "id_ekran_1", "tekushiy_id": 7, "in_pamyat_name_len": 0, "online_svyaz_list_len": 1}, "timestamp": 1776772942557}
{"sessionId": "032654", "runId": "pre-fix", "hypothesisId": "H4", "location": "main.py:perenos_sostoyaniya", "message": "screen state transfer", "data": {"new_name_id_ekran": "id_ekran_2", "old_ekran_before": "id_ekran_1", "screen_last_update": 1776772946.0052538}, "timestamp": 1776772946352}
{"sessionId": "032654", "runId": "pre-fix", "hypothesisId": "H4", "location": "main.py:perenos_sostoyaniya", "message": "old_ekran updated", "data": {"old_ekran_after": "id_ekran_2"}, "timestamp": 1776772946354}
{"sessionId": "032654", "runId": "pre-fix", "hypothesisId": "H4", "location": "main.py:perenos_sostoyaniya", "message": "screen state transfer", "data": {"new_name_id_ekran": "id_ekran_2", "old_ekran_before": "id_ekran_2", "screen_last_update": 1776772952.0116608}, "timestamp": 1776772953071}
{"sessionId": "032654", "runId": "pre-fix", "hypothesisId": "H4", "location": "main.py:perenos_sostoyaniya", "message": "screen state transfer", "data": {"new_name_id_ekran": "id_ekran_2", "old_ekran_before": "id_ekran_2", "screen_last_update": 1776772958.9633958}, "timestamp": 1776772959179}
{"sessionId": "032654", "runId": "pre-fix", "hypothesisId": "H3", "location": "main.py:proshivka", "message": "picked first online link", "data": {"pervaya_online_svyaz": 11, "id_finish": 8}, "timestamp": 1776772962843}
{"sessionId": "032654", "runId": "pre-fix", "hypothesisId": "H4", "location": "main.py:perenos_sostoyaniya", "message": "screen state transfer", "data": {"new_name_id_ekran": "id_ekran_2", "old_ekran_before": "id_ekran_2", "screen_last_update": 1776772965.061339}, "timestamp": 1776772967331}
{"sessionId": "032654", "runId": "pre-fix", "hypothesisId": "H4", "location": "main.py:perenos_sostoyaniya", "message": "screen state transfer", "data": {"new_name_id_ekran": "id_ekran_2", "old_ekran_before": "id_ekran_2", "screen_last_update": 1776772970.685734}, "timestamp": 1776772970928}
{"sessionId": "032654", "runId": "pre-fix", "hypothesisId": "H3", "location": "main.py:proshivka", "message": "using existing path; executing first action", "data": {"pyt0": [5, 12], "online_svyaz_list0": 16}, "timestamp": 1776772972037}
{"sessionId": "032654", "runId": "pre-fix", "hypothesisId": "H3", "location": "main.py:proshivka", "message": "using existing path; executing first action", "data": {"pyt0": [8, 13], "online_svyaz_list0": 13}, "timestamp": 1776772977663}
{"sessionId": "032654", "runId": "pre-fix", "hypothesisId": "H4", "location": "main.py:perenos_sostoyaniya", "message": "screen state transfer", "data": {"new_name_id_ekran": "id_ekran_2", "old_ekran_before": "id_ekran_2", "screen_last_update": 1776772977.1506822}, "timestamp": 1776772978043}
{"sessionId": "032654", "runId": "pre-fix", "hypothesisId": "H1", "location": "main.py:main_loop", "message": "input 0 branch executed", "data": {"old_ekran_after": 0, "online_svyaz_list_len": 0, "in_pamyat_name_len": 1}, "timestamp": 1776772980711}
{"sessionId": "032654", "runId": "pre-fix", "hypothesisId": "H2", "location": "main.py:main_loop", "message": "input 1 branch executed; memory cleared and old_ekran re-injected", "data": {"old_ekran": 0, "tekushiy_id": 5, "in_pamyat_name_len": 0, "online_svyaz_list_len": 1}, "timestamp": 1776773680896}
{"sessionId": "032654", "runId": "pre-fix", "hypothesisId": "H3", "location": "main.py:proshivka", "message": "picked first online link", "data": {"pervaya_online_svyaz": 7, "id_finish": 7}, "timestamp": 1776773692917}
{"sessionId": "032654", "runId": "pre-fix", "hypothesisId": "H3", "location": "main.py:proshivka", "message": "picked first online link", "data": {"pervaya_online_svyaz": 8, "id_finish": 1}, "timestamp": 1776773699459}
{"sessionId": "032654", "runId": "pre-fix", "hypothesisId": "H1", "location": "main.py:main_loop", "message": "input 0 branch executed", "data": {"old_ekran_after": 0, "online_svyaz_list_len": 0, "in_pamyat_name_len": 0}, "timestamp": 1776773703373}
{"sessionId": "032654", "runId": "pre-fix", "hypothesisId": "H1", "location": "main.py:stiranie_pamyati", "message": "memory erase requested", "data": {"old_ekran_before": 0}, "timestamp": 1776773771078}
{"sessionId": "032654", "runId": "pre-fix", "hypothesisId": "H1", "location": "main.py:stiranie_pamyati", "message": "memory erase completed", "data": {"old_ekran_after": 0}, "timestamp": 1776773771322}
{"sessionId": "032654", "runId": "pre-fix", "hypothesisId": "H2", "location": "main.py:main_loop", "message": "input 1 branch executed; memory cleared and old_ekran re-injected", "data": {"old_ekran": 0, "tekushiy_id": 6, "in_pamyat_name_len": 0, "online_svyaz_list_len": 1}, "timestamp": 1776773776508}
{"sessionId": "032654", "runId": "pre-fix", "hypothesisId": "H3", "location": "main.py:proshivka", "message": "picked first online link", "data": {"pervaya_online_svyaz": 6, "id_finish": 6}, "timestamp": 1776773786082}
{"sessionId": "032654", "runId": "pre-fix", "hypothesisId": "H3", "location": "main.py:proshivka", "message": "picked first online link", "data": {"pervaya_online_svyaz": 7, "id_finish": 1}, "timestamp": 1776773794452}
{"sessionId": "032654", "runId": "pre-fix", "hypothesisId": "H1", "location": "main.py:main_loop", "message": "input 0 branch executed", "data": {"old_ekran_after": 0, "online_svyaz_list_len": 0, "in_pamyat_name_len": 0}, "timestamp": 1776773798421}
{"sessionId": "032654", "runId": "pre-fix", "hypothesisId": "H1", "location": "main.py:stiranie_pamyati", "message": "memory erase requested", "data": {"old_ekran_before": 0}, "timestamp": 1776774075047}
{"sessionId": "032654", "runId": "pre-fix", "hypothesisId": "H1", "location": "main.py:stiranie_pamyati", "message": "memory erase completed", "data": {"old_ekran_after": 0}, "timestamp": 1776774075340}
{"sessionId": "032654", "runId": "pre-fix", "hypothesisId": "H2", "location": "main.py:main_loop", "message": "input 1 branch executed; memory cleared and old_ekran re-injected", "data": {"old_ekran": 0, "tekushiy_id": 6, "in_pamyat_name_len": 0, "online_svyaz_list_len": 1}, "timestamp": 1776774084153}
{"sessionId": "032654", "runId": "pre-fix", "hypothesisId": "H4", "location": "main.py:perenos_sostoyaniya", "message": "screen state transfer", "data": {"new_name_id_ekran": "id_ekran_2", "old_ekran_before": 0, "screen_last_update": 1776774084.8656948}, "timestamp": 1776774085054}
{"sessionId": "032654", "runId": "pre-fix", "hypothesisId": "H4", "location": "main.py:perenos_sostoyaniya", "message": "old_ekran updated", "data": {"old_ekran_after": "id_ekran_2"}, "timestamp": 1776774085055}
{"sessionId": "032654", "runId": "pre-fix", "hypothesisId": "H1", "location": "main.py:stiranie_pamyati", "message": "memory erase requested", "data": {"old_ekran_before": "id_ekran_2"}, "timestamp": 1776774121218}
{"sessionId": "032654", "runId": "pre-fix", "hypothesisId": "H1", "location": "main.py:stiranie_pamyati", "message": "memory erase completed", "data": {"old_ekran_after": 0}, "timestamp": 1776774121443}
{"sessionId": "032654", "runId": "pre-fix", "hypothesisId": "H4", "location": "main.py:perenos_sostoyaniya", "message": "screen state transfer", "data": {"new_name_id_ekran": "id_ekran_2", "old_ekran_before": 0, "screen_last_update": 1776774120.6240196}, "timestamp": 1776774121909}
{"sessionId": "032654", "runId": "pre-fix", "hypothesisId": "H4", "location": "main.py:perenos_sostoyaniya", "message": "old_ekran updated", "data": {"old_ekran_after": "id_ekran_2"}, "timestamp": 1776774121974}
{"sessionId": "032654", "runId": "pre-fix", "hypothesisId": "H2", "location": "main.py:main_loop", "message": "input 1 branch executed; memory cleared and old_ekran re-injected", "data": {"old_ekran": "id_ekran_2", "tekushiy_id": 6, "in_pamyat_name_len": 0, "online_svyaz_list_len": 2}, "timestamp": 1776774138466}
{"sessionId": "032654", "runId": "pre-fix", "hypothesisId": "H3", "location": "main.py:proshivka", "message": "picked first online link", "data": {"pervaya_online_svyaz": 7, "id_finish": 6}, "timestamp": 1776774156582}
{"sessionId": "032654", "runId": "pre-fix", "hypothesisId": "H3", "location": "main.py:proshivka", "message": "picked first online link", "data": {"pervaya_online_svyaz": 8, "id_finish": 1}, "timestamp": 1776774163395}
{"sessionId": "032654", "runId": "pre-fix", "hypothesisId": "H1", "location": "main.py:main_loop", "message": "input 0 branch executed", "data": {"old_ekran_after": 0, "online_svyaz_list_len": 0, "in_pamyat_name_len": 0}, "timestamp": 1776774166148}
{"sessionId": "032654", "runId": "pre-fix", "hypothesisId": "H4", "location": "main.py:perenos_sostoyaniya", "message": "screen state transfer", "data": {"new_name_id_ekran": "id_ekran_3", "old_ekran_before": 0, "screen_last_update": 1776776329.1916096}, "timestamp": 1776776330216}
{"sessionId": "032654", "runId": "pre-fix", "hypothesisId": "H4", "location": "main.py:perenos_sostoyaniya", "message": "old_ekran updated", "data": {"old_ekran_after": "id_ekran_3"}, "timestamp": 1776776330217}
{"sessionId": "032654", "runId": "pre-fix", "hypothesisId": "H1", "location": "main.py:stiranie_pamyati", "message": "memory erase requested", "data": {"old_ekran_before": "id_ekran_3"}, "timestamp": 1776776348154}
{"sessionId": "032654", "runId": "pre-fix", "hypothesisId": "H1", "location": "main.py:stiranie_pamyati", "message": "memory erase completed", "data": {"old_ekran_after": 0}, "timestamp": 1776776348381}
{"sessionId": "032654", "runId": "pre-fix", "hypothesisId": "H4", "location": "main.py:perenos_sostoyaniya", "message": "screen state transfer", "data": {"new_name_id_ekran": "id_ekran_3", "old_ekran_before": 0, "screen_last_update": 1776776346.6714876}, "timestamp": 1776776349057}
{"sessionId": "032654", "runId": "pre-fix", "hypothesisId": "H4", "location": "main.py:perenos_sostoyaniya", "message": "old_ekran updated", "data": {"old_ekran_after": "id_ekran_3"}, "timestamp": 1776776349121}
{"sessionId": "032654", "runId": "pre-fix", "hypothesisId": "H1", "location": "main.py:stiranie_pamyati", "message": "memory erase requested", "data": {"old_ekran_before": "id_ekran_3"}, "timestamp": 1776776352951}
{"sessionId": "032654", "runId": "pre-fix", "hypothesisId": "H1", "location": "main.py:stiranie_pamyati", "message": "memory erase completed", "data": {"old_ekran_after": 0}, "timestamp": 1776776353081}
{"sessionId": "032654", "runId": "pre-fix", "hypothesisId": "H4", "location": "main.py:perenos_sostoyaniya", "message": "screen state transfer", "data": {"new_name_id_ekran": "id_ekran_3", "old_ekran_before": 0, "screen_last_update": 1776776351.435312}, "timestamp": 1776776353946}
{"sessionId": "032654", "runId": "pre-fix", "hypothesisId": "H4", "location": "main.py:perenos_sostoyaniya", "message": "old_ekran updated", "data": {"old_ekran_after": "id_ekran_3"}, "timestamp": 1776776354109}
{"sessionId": "032654", "runId": "pre-fix", "hypothesisId": "H2", "location": "main.py:main_loop", "message": "input 1 branch executed; memory cleared and old_ekran re-injected", "data": {"old_ekran": "id_ekran_3", "tekushiy_id": 6, "in_pamyat_name_len": 0, "online_svyaz_list_len": 2}, "timestamp": 1776776360278}
{"sessionId": "032654", "runId": "pre-fix", "hypothesisId": "H4", "location": "main.py:perenos_sostoyaniya", "message": "screen state transfer", "data": {"new_name_id_ekran": "id_ekran_2", "old_ekran_before": "id_ekran_3", "screen_last_update": 1776776360.340127}, "timestamp": 1776776361185}
{"sessionId": "032654", "runId": "pre-fix", "hypothesisId": "H4", "location": "main.py:perenos_sostoyaniya", "message": "old_ekran updated", "data": {"old_ekran_after": "id_ekran_2"}, "timestamp": 1776776361186}
{"sessionId": "032654", "runId": "pre-fix", "hypothesisId": "H3", "location": "main.py:proshivka", "message": "picked first online link", "data": {"pervaya_online_svyaz": 7, "id_finish": 6}, "timestamp": 1776776369567}
{"sessionId": "032654", "runId": "pre-fix", "hypothesisId": "H3", "location": "main.py:proshivka", "message": "picked first online link", "data": {"pervaya_online_svyaz": 8, "id_finish": 1}, "timestamp": 1776776373930}
{"sessionId": "032654", "runId": "pre-fix", "hypothesisId": "H1", "location": "main.py:main_loop", "message": "input 0 branch executed", "data": {"old_ekran_after": 0, "online_svyaz_list_len": 0, "in_pamyat_name_len": 0}, "timestamp": 1776776377988}
{"sessionId": "032654", "runId": "pre-fix", "hypothesisId": "H4", "location": "main.py:perenos_sostoyaniya", "message": "screen state transfer", "data": {"new_name_id_ekran": "id_ekran_2", "old_ekran_before": 0, "screen_last_update": 1776776881.1936815}, "timestamp": 1776776882209}
{"sessionId": "032654", "runId": "pre-fix", "hypothesisId": "H4", "location": "main.py:perenos_sostoyaniya", "message": "old_ekran updated", "data": {"old_ekran_after": "id_ekran_2"}, "timestamp": 1776776882594}
{"sessionId": "032654", "runId": "pre-fix", "hypothesisId": "H2", "location": "main.py:main_loop", "message": "input 1 branch executed; memory cleared and old_ekran re-injected", "data": {"old_ekran": "id_ekran_2", "tekushiy_id": 13, "in_pamyat_name_len": 0, "online_svyaz_list_len": 2}, "timestamp": 1776776927187}
{"sessionId": "032654", "runId": "pre-fix", "hypothesisId": "H3", "location": "main.py:proshivka", "message": "picked first online link", "data": {"pervaya_online_svyaz": 17, "id_finish": 11}, "timestamp": 1776776941296}
{"sessionId": "032654", "runId": "pre-fix", "hypothesisId": "H3", "location": "main.py:proshivka", "message": "using existing path; executing first action", "data": {"pyt0": [12, 18], "online_svyaz_list0": 18}, "timestamp": 1776776946861}
{"sessionId": "032654", "runId": "pre-fix", "hypothesisId": "H3", "location": "main.py:proshivka", "message": "using existing path; executing first action", "data": {"pyt0": [13, 19], "online_svyaz_list0": 19}, "timestamp": 1776776950813}
{"sessionId": "032654", "runId": "pre-fix", "hypothesisId": "H3", "location": "main.py:proshivka", "message": "picked first online link", "data": {"pervaya_online_svyaz": 20, "id_finish": 1}, "timestamp": 1776776955306}
{"sessionId": "032654", "runId": "pre-fix", "hypothesisId": "H1", "location": "main.py:main_loop", "message": "input 0 branch executed", "data": {"old_ekran_after": 0, "online_svyaz_list_len": 0, "in_pamyat_name_len": 0}, "timestamp": 1776776958530}
{"sessionId": "032654", "runId": "pre-fix", "hypothesisId": "H4", "location": "main.py:perenos_sostoyaniya", "message": "screen state transfer", "data": {"new_name_id_ekran": "id_ekran_2", "old_ekran_before": 0, "screen_last_update": 1776779253.3836267}, "timestamp": 1776779255606}
{"sessionId": "032654", "runId": "pre-fix", "hypothesisId": "H4", "location": "main.py:perenos_sostoyaniya", "message": "old_ekran updated", "data": {"old_ekran_after": "id_ekran_2"}, "timestamp": 1776779256137}
{"sessionId": "032654", "runId": "pre-fix", "hypothesisId": "H1", "location": "main.py:stiranie_pamyati", "message": "memory erase requested", "data": {"old_ekran_before": "id_ekran_2"}, "timestamp": 1776779261943}
{"sessionId": "032654", "runId": "pre-fix", "hypothesisId": "H1", "location": "main.py:stiranie_pamyati", "message": "memory erase completed", "data": {"old_ekran_after": 0}, "timestamp": 1776779261944}
{"sessionId": "032654", "runId": "pre-fix", "hypothesisId": "H4", "location": "main.py:perenos_sostoyaniya", "message": "screen state transfer", "data": {"new_name_id_ekran": "id_ekran_2", "old_ekran_before": 0, "screen_last_update": 1776779260.5099177}, "timestamp": 1776779261948}
{"sessionId": "032654", "runId": "pre-fix", "hypothesisId": "H4", "location": "main.py:perenos_sostoyaniya", "message": "old_ekran updated", "data": {"old_ekran_after": "id_ekran_2"}, "timestamp": 1776779261949}
{"sessionId": "032654", "runId": "pre-fix", "hypothesisId": "H2", "location": "main.py:main_loop", "message": "input 1 branch executed; memory cleared and old_ekran re-injected", "data": {"old_ekran": "id_ekran_2", "tekushiy_id": 10, "in_pamyat_name_len": 0, "online_svyaz_list_len": 2}, "timestamp": 1776779346583}
{"sessionId": "032654", "runId": "pre-fix", "hypothesisId": "H3", "location": "main.py:proshivka", "message": "picked first online link", "data": {"pervaya_online_svyaz": 8, "id_finish": 7}, "timestamp": 1776779393673}
{"sessionId": "032654", "runId": "pre-fix", "hypothesisId": "H3", "location": "main.py:proshivka", "message": "using existing path; executing first action", "data": {"pyt0": [8, 9], "online_svyaz_list0": 9}, "timestamp": 1776779456725}
{"sessionId": "032654", "runId": "pre-fix", "hypothesisId": "H3", "location": "main.py:proshivka", "message": "using existing path; executing first action", "data": {"pyt0": [9, 10], "online_svyaz_list0": 9}, "timestamp": 1776779498486}
{"sessionId": "032654", "runId": "pre-fix", "hypothesisId": "H1", "location": "main.py:main_loop", "message": "input 0 branch executed", "data": {"old_ekran_after": 0, "online_svyaz_list_len": 0, "in_pamyat_name_len": 1}, "timestamp": 1776779512530}
{"sessionId": "032654", "runId": "pre-fix", "hypothesisId": "H4", "location": "main.py:perenos_sostoyaniya", "message": "screen state transfer", "data": {"new_name_id_ekran": "id_ekran_4", "old_ekran_before": 0, "screen_last_update": 1776944516.7547963}, "timestamp": 1776944517760}
{"sessionId": "032654", "runId": "pre-fix", "hypothesisId": "H4", "location": "main.py:perenos_sostoyaniya", "message": "old_ekran updated", "data": {"old_ekran_after": "id_ekran_4"}, "timestamp": 1776944517762}
{"sessionId": "032654", "runId": "pre-fix", "hypothesisId": "H1", "location": "main.py:stiranie_pamyati", "message": "memory erase requested", "data": {"old_ekran_before": "id_ekran_4"}, "timestamp": 1776944538041}
{"sessionId": "032654", "runId": "pre-fix", "hypothesisId": "H1", "location": "main.py:stiranie_pamyati", "message": "memory erase completed", "data": {"old_ekran_after": 0}, "timestamp": 1776944538042}
{"sessionId": "032654", "runId": "pre-fix", "hypothesisId": "H4", "location": "main.py:perenos_sostoyaniya", "message": "screen state transfer", "data": {"new_name_id_ekran": "id_ekran_4", "old_ekran_before": 0, "screen_last_update": 1776944537.4703631}, "timestamp": 1776944538090}
{"sessionId": "032654", "runId": "pre-fix", "hypothesisId": "H4", "location": "main.py:perenos_sostoyaniya", "message": "old_ekran updated", "data": {"old_ekran_after": "id_ekran_4"}, "timestamp": 1776944538092}
{"sessionId": "032654", "runId": "pre-fix", "hypothesisId": "H2", "location": "main.py:main_loop", "message": "input 1 branch executed; memory cleared and old_ekran re-injected", "data": {"old_ekran": "id_ekran_4", "tekushiy_id": 9, "in_pamyat_name_len": 0, "online_svyaz_list_len": 2}, "timestamp": 1776944572217}
{"sessionId": "032654", "runId": "pre-fix", "hypothesisId": "H3", "location": "main.py:proshivka", "message": "picked first online link", "data": {"pervaya_online_svyaz": 8, "id_finish": 7}, "timestamp": 1776944585822}
{"sessionId": "032654", "runId": "pre-fix", "hypothesisId": "H3", "location": "main.py:proshivka", "message": "using existing path; executing first action", "data": {"pyt0": [8, 9], "online_svyaz_list0": 9}, "timestamp": 1776944596275}
{"sessionId": "032654", "runId": "pre-fix", "hypothesisId": "H3", "location": "main.py:proshivka", "message": "using existing path; executing first action", "data": {"pyt0": [9, 10], "online_svyaz_list0": 9}, "timestamp": 1776944603137}
{"sessionId": "032654", "runId": "pre-fix", "hypothesisId": "H3", "location": "main.py:proshivka", "message": "picked first online link", "data": {"pervaya_online_svyaz": 11, "id_finish": 1}, "timestamp": 1776944609898}
{"sessionId": "032654", "runId": "pre-fix", "hypothesisId": "H2", "location": "main.py:main_loop", "message": "input 1 branch executed; memory cleared and old_ekran re-injected", "data": {"old_ekran": "id_ekran_4", "tekushiy_id": 13, "in_pamyat_name_len": 0, "online_svyaz_list_len": 3}, "timestamp": 1776944637622}
{"sessionId": "032654", "runId": "pre-fix", "hypothesisId": "H3", "location": "main.py:proshivka", "message": "picked first online link", "data": {"pervaya_online_svyaz": 19, "id_finish": 11}, "timestamp": 1776944647637}
{"sessionId": "032654", "runId": "pre-fix", "hypothesisId": "H3", "location": "main.py:proshivka", "message": "using existing path; executing first action", "data": {"pyt0": [12, 20], "online_svyaz_list0": 20}, "timestamp": 1776944658696}
{"sessionId": "032654", "runId": "pre-fix", "hypothesisId": "H3", "location": "main.py:proshivka", "message": "using existing path; executing first action", "data": {"pyt0": [9, 21], "online_svyaz_list0": 20}, "timestamp": 1776944664973}
{"sessionId": "032654", "runId": "pre-fix", "hypothesisId": "H3", "location": "main.py:proshivka", "message": "using existing path; executing first action", "data": {"pyt0": [13, 22], "online_svyaz_list0": 11}, "timestamp": 1776944671970}
{"sessionId": "032654", "runId": "pre-fix", "hypothesisId": "H4", "location": "main.py:perenos_sostoyaniya", "message": "screen state transfer", "data": {"new_name_id_ekran": "id_ekran_5", "old_ekran_before": "id_ekran_4", "screen_last_update": 1776944678.0554836}, "timestamp": 1776944678152}
{"sessionId": "032654", "runId": "pre-fix", "hypothesisId": "H4", "location": "main.py:perenos_sostoyaniya", "message": "old_ekran updated", "data": {"old_ekran_after": "id_ekran_5"}, "timestamp": 1776944678154}
{"sessionId": "032654", "runId": "pre-fix", "hypothesisId": "H3", "location": "main.py:proshivka", "message": "picked first online link", "data": {"pervaya_online_svyaz": 8, "id_finish": 7}, "timestamp": 1776944723358}
{"sessionId": "032654", "runId": "pre-fix", "hypothesisId": "H3", "location": "main.py:proshivka", "message": "using existing path; executing first action", "data": {"pyt0": [8, 9], "online_svyaz_list0": 9}, "timestamp": 1776944735417}
{"sessionId": "032654", "runId": "pre-fix", "hypothesisId": "H3", "location": "main.py:proshivka", "message": "picked first online link", "data": {"pervaya_online_svyaz": 31, "id_finish": 5}, "timestamp": 1776944742244}
{"sessionId": "032654", "runId": "pre-fix", "hypothesisId": "H3", "location": "main.py:proshivka", "message": "using existing path; executing first action", "data": {"pyt0": [6, 32], "online_svyaz_list0": 32}, "timestamp": 1776944748913}
{"sessionId": "032654", "runId": "pre-fix", "hypothesisId": "H3", "location": "main.py:proshivka", "message": "using existing path; executing first action", "data": {"pyt0": [7, 33], "online_svyaz_list0": 33}, "timestamp": 1776944755554}
{"sessionId": "032654", "runId": "pre-fix", "hypothesisId": "H3", "location": "main.py:proshivka", "message": "using existing path; executing first action", "data": {"pyt0": [14, 34], "online_svyaz_list0": 34}, "timestamp": 1776944766468}
{"sessionId": "032654", "runId": "pre-fix", "hypothesisId": "H4", "location": "main.py:perenos_sostoyaniya", "message": "screen state transfer", "data": {"new_name_id_ekran": "id_ekran_4", "old_ekran_before": "id_ekran_5", "screen_last_update": 1776944787.7481692}, "timestamp": 1776944788406}
{"sessionId": "032654", "runId": "pre-fix", "hypothesisId": "H4", "location": "main.py:perenos_sostoyaniya", "message": "old_ekran updated", "data": {"old_ekran_after": "id_ekran_4"}, "timestamp": 1776944788753}
{"sessionId": "032654", "runId": "pre-fix", "hypothesisId": "H2", "location": "main.py:main_loop", "message": "input 1 branch executed; memory cleared and old_ekran re-injected", "data": {"old_ekran": "id_ekran_4", "tekushiy_id": 13, "in_pamyat_name_len": 0, "online_svyaz_list_len": 5}, "timestamp": 1776944852841}
{"sessionId": "032654", "runId": "pre-fix", "hypothesisId": "H3", "location": "main.py:proshivka", "message": "picked first online link", "data": {"pervaya_online_svyaz": 42, "id_finish": 16}, "timestamp": 1776944870790}
{"sessionId": "032654", "runId": "pre-fix", "hypothesisId": "H3", "location": "main.py:proshivka", "message": "using existing path; executing first action", "data": {"pyt0": [8, 43], "online_svyaz_list0": 43}, "timestamp": 1776944882122}
{"sessionId": "032654", "runId": "pre-fix", "hypothesisId": "H3", "location": "main.py:proshivka", "message": "using existing path; executing first action", "data": {"pyt0": [9, 44], "online_svyaz_list0": 43}, "timestamp": 1776944888548}
{"sessionId": "032654", "runId": "pre-fix", "hypothesisId": "H3", "location": "main.py:proshivka", "message": "using existing path; executing first action", "data": {"pyt0": [13, 45], "online_svyaz_list0": 11}, "timestamp": 1776944895475}
{"sessionId": "032654", "runId": "pre-fix", "hypothesisId": "H4", "location": "main.py:perenos_sostoyaniya", "message": "screen state transfer", "data": {"new_name_id_ekran": "id_ekran_6", "old_ekran_before": "id_ekran_4", "screen_last_update": 1776944900.1035}, "timestamp": 1776944901327}
{"sessionId": "032654", "runId": "pre-fix", "hypothesisId": "H4", "location": "main.py:perenos_sostoyaniya", "message": "old_ekran updated", "data": {"old_ekran_after": "id_ekran_6"}, "timestamp": 1776944901329}
{"sessionId": "032654", "runId": "pre-fix", "hypothesisId": "H3", "location": "main.py:proshivka", "message": "using existing path; executing first action", "data": {"pyt0": [17, 46], "online_svyaz_list0": null}, "timestamp": 1776944903031}
{"sessionId": "032654", "runId": "pre-fix", "hypothesisId": "H3", "location": "main.py:proshivka", "message": "using existing path; executing first action", "data": {"pyt0": [18, 47], "online_svyaz_list0": 47}, "timestamp": 1776944915434}
{"sessionId": "032654", "runId": "pre-fix", "hypothesisId": "H3", "location": "main.py:proshivka", "message": "using existing path; executing first action", "data": {"pyt0": [9, 48], "online_svyaz_list0": 47}, "timestamp": 1776944922523}
{"sessionId": "032654", "runId": "pre-fix", "hypothesisId": "H4", "location": "main.py:perenos_sostoyaniya", "message": "screen state transfer", "data": {"new_name_id_ekran": "id_ekran_4", "old_ekran_before": "id_ekran_6", "screen_last_update": 1776944926.5747223}, "timestamp": 1776944927533}
{"sessionId": "032654", "runId": "pre-fix", "hypothesisId": "H4", "location": "main.py:perenos_sostoyaniya", "message": "old_ekran updated", "data": {"old_ekran_after": "id_ekran_4"}, "timestamp": 1776944927752}
{"sessionId": "032654", "runId": "pre-fix", "hypothesisId": "H3", "location": "main.py:proshivka", "message": "using existing path; executing first action", "data": {"pyt0": [19, 49], "online_svyaz_list0": 5}, "timestamp": 1776944929687}
{"sessionId": "032654", "runId": "pre-fix", "hypothesisId": "H3", "location": "main.py:proshivka", "message": "using existing path; executing first action", "data": {"pyt0": [13, 50], "online_svyaz_list0": 50}, "timestamp": 1776944936644}
{"sessionId": "032654", "runId": "pre-fix", "hypothesisId": "H3", "location": "main.py:proshivka", "message": "using existing path; executing first action", "data": {"pyt0": [16, 51], "online_svyaz_list0": 51}, "timestamp": 1776944943470}
{"sessionId": "032654", "runId": "pre-fix", "hypothesisId": "H3", "location": "main.py:proshivka", "message": "using existing path; executing first action", "data": {"pyt0": [8, 52], "online_svyaz_list0": 52}, "timestamp": 1776944955486}
{"sessionId": "032654", "runId": "pre-fix", "hypothesisId": "H3", "location": "main.py:proshivka", "message": "using existing path; executing first action", "data": {"pyt0": [9, 53], "online_svyaz_list0": 52}, "timestamp": 1776944961579}
{"sessionId": "032654", "runId": "pre-fix", "hypothesisId": "H3", "location": "main.py:proshivka", "message": "using existing path; executing first action", "data": {"pyt0": [13, 54], "online_svyaz_list0": 66}, "timestamp": 1776944968936}
{"sessionId": "032654", "runId": "pre-fix", "hypothesisId": "H4", "location": "main.py:perenos_sostoyaniya", "message": "screen state transfer", "data": {"new_name_id_ekran": "id_ekran_6", "old_ekran_before": "id_ekran_4", "screen_last_update": 1776944974.1388986}, "timestamp": 1776944974774}
{"sessionId": "032654", "runId": "pre-fix", "hypothesisId": "H4", "location": "main.py:perenos_sostoyaniya", "message": "old_ekran updated", "data": {"old_ekran_after": "id_ekran_6"}, "timestamp": 1776944975325}
{"sessionId": "032654", "runId": "pre-fix", "hypothesisId": "H3", "location": "main.py:proshivka", "message": "using existing path; executing first action", "data": {"pyt0": [17, 55], "online_svyaz_list0": 68}, "timestamp": 1776944975981}
{"sessionId": "032654", "runId": "pre-fix", "hypothesisId": "H3", "location": "main.py:proshivka", "message": "using existing path; executing first action", "data": {"pyt0": [18, 56], "online_svyaz_list0": 69}, "timestamp": 1776944987158}
{"sessionId": "032654", "runId": "pre-fix", "hypothesisId": "H3", "location": "main.py:proshivka", "message": "using existing path; executing first action", "data": {"pyt0": [9, 57], "online_svyaz_list0": 69}, "timestamp": 1776944994792}
{"sessionId": "032654", "runId": "pre-fix", "hypothesisId": "H4", "location": "main.py:perenos_sostoyaniya", "message": "screen state transfer", "data": {"new_name_id_ekran": "id_ekran_4", "old_ekran_before": "id_ekran_6", "screen_last_update": 1776944998.9214895}, "timestamp": 1776944999665}
{"sessionId": "032654", "runId": "pre-fix", "hypothesisId": "H4", "location": "main.py:perenos_sostoyaniya", "message": "old_ekran updated", "data": {"old_ekran_after": "id_ekran_4"}, "timestamp": 1776945000091}
{"sessionId": "032654", "runId": "pre-fix", "hypothesisId": "H3", "location": "main.py:proshivka", "message": "using existing path; executing first action", "data": {"pyt0": [19, 58], "online_svyaz_list0": 71}, "timestamp": 1776945001904}
{"sessionId": "032654", "runId": "pre-fix", "hypothesisId": "H3", "location": "main.py:proshivka", "message": "using existing path; executing first action", "data": {"pyt0": [13, 59], "online_svyaz_list0": 72}, "timestamp": 1776945009293}
{"sessionId": "032654", "runId": "pre-fix", "hypothesisId": "H3", "location": "main.py:proshivka", "message": "picked first online link", "data": {"pervaya_online_svyaz": 73, "id_finish": 16}, "timestamp": 1776945016534}
{"sessionId": "032654", "runId": "pre-fix", "hypothesisId": "H1", "location": "main.py:main_loop", "message": "input 0 branch executed", "data": {"old_ekran_after": 0, "online_svyaz_list_len": 0, "in_pamyat_name_len": 1}, "timestamp": 1776945026595}
{"sessionId": "032654", "runId": "pre-fix", "hypothesisId": "H4", "location": "main.py:perenos_sostoyaniya", "message": "screen state transfer", "data": {"new_name_id_ekran": "id_ekran_6", "old_ekran_before": 0, "screen_last_update": 1776945685.7494013}, "timestamp": 1776945686986}
{"sessionId": "032654", "runId": "pre-fix", "hypothesisId": "H4", "location": "main.py:perenos_sostoyaniya", "message": "old_ekran updated", "data": {"old_ekran_after": "id_ekran_6"}, "timestamp": 1776945686988}
{"sessionId": "032654", "runId": "pre-fix", "hypothesisId": "H3", "location": "main.py:proshivka", "message": "picked first online link", "data": {"pervaya_online_svyaz": 68, "id_finish": 17}, "timestamp": 1776945692794}
{"sessionId": "032654", "runId": "pre-fix", "hypothesisId": "H3", "location": "main.py:proshivka", "message": "using existing path; executing first action", "data": {"pyt0": [9, 69], "online_svyaz_list0": 69}, "timestamp": 1776945704622}
{"sessionId": "032654", "runId": "pre-fix", "hypothesisId": "H4", "location": "main.py:perenos_sostoyaniya", "message": "screen state transfer", "data": {"new_name_id_ekran": "id_ekran_4", "old_ekran_before": "id_ekran_6", "screen_last_update": 1776945708.475035}, "timestamp": 1776945709342}
{"sessionId": "032654", "runId": "pre-fix", "hypothesisId": "H4", "location": "main.py:perenos_sostoyaniya", "message": "old_ekran updated", "data": {"old_ekran_after": "id_ekran_4"}, "timestamp": 1776945709697}
{"sessionId": "032654", "runId": "pre-fix", "hypothesisId": "H3", "location": "main.py:proshivka", "message": "using existing path; executing first action", "data": {"pyt0": [4, 70], "online_svyaz_list0": 71}, "timestamp": 1776945711622}
{"sessionId": "032654", "runId": "pre-fix", "hypothesisId": "H3", "location": "main.py:proshivka", "message": "using existing path; executing first action", "data": {"pyt0": [19, 71], "online_svyaz_list0": 6}, "timestamp": 1776945718647}
{"sessionId": "032654", "runId": "pre-fix", "hypothesisId": "H3", "location": "main.py:proshivka", "message": "using existing path; executing first action", "data": {"pyt0": [13, 72], "online_svyaz_list0": 72}, "timestamp": 1776945724881}
{"sessionId": "032654", "runId": "pre-fix", "hypothesisId": "H3", "location": "main.py:proshivka", "message": "using existing path; executing first action", "data": {"pyt0": [16, 73], "online_svyaz_list0": 73}, "timestamp": 1776945731737}
{"sessionId": "032654", "runId": "pre-fix", "hypothesisId": "H3", "location": "main.py:proshivka", "message": "using existing path; executing first action", "data": {"pyt0": [9, 74], "online_svyaz_list0": 74}, "timestamp": 1776945743639}
{"sessionId": "032654", "runId": "pre-fix", "hypothesisId": "H3", "location": "main.py:proshivka", "message": "using existing path; executing first action", "data": {"pyt0": [13, 75], "online_svyaz_list0": 75}, "timestamp": 1776945750099}
{"sessionId": "032654", "runId": "pre-fix", "hypothesisId": "H4", "location": "main.py:perenos_sostoyaniya", "message": "screen state transfer", "data": {"new_name_id_ekran": "id_ekran_6", "old_ekran_before": "id_ekran_4", "screen_last_update": 1776945755.3518336}, "timestamp": 1776945756058}
{"sessionId": "032654", "runId": "pre-fix", "hypothesisId": "H4", "location": "main.py:perenos_sostoyaniya", "message": "old_ekran updated", "data": {"old_ekran_after": "id_ekran_6"}, "timestamp": 1776945756531}
{"sessionId": "032654", "runId": "pre-fix", "hypothesisId": "H3", "location": "main.py:proshivka", "message": "using existing path; executing first action", "data": {"pyt0": [20, 76], "online_svyaz_list0": 77}, "timestamp": 1776945757130}
{"sessionId": "032654", "runId": "pre-fix", "hypothesisId": "H3", "location": "main.py:proshivka", "message": "using existing path; executing first action", "data": {"pyt0": [17, 77], "online_svyaz_list0": 68}, "timestamp": 1776945764032}
{"sessionId": "032654", "runId": "pre-fix", "hypothesisId": "H3", "location": "main.py:proshivka", "message": "using existing path; executing first action", "data": {"pyt0": [9, 78], "online_svyaz_list0": 69}, "timestamp": 1776945776099}
{"sessionId": "032654", "runId": "pre-fix", "hypothesisId": "H4", "location": "main.py:perenos_sostoyaniya", "message": "screen state transfer", "data": {"new_name_id_ekran": "id_ekran_4", "old_ekran_before": "id_ekran_6", "screen_last_update": 1776945780.2090468}, "timestamp": 1776945781018}
{"sessionId": "032654", "runId": "pre-fix", "hypothesisId": "H4", "location": "main.py:perenos_sostoyaniya", "message": "old_ekran updated", "data": {"old_ekran_after": "id_ekran_4"}, "timestamp": 1776945781506}
{"sessionId": "032654", "runId": "pre-fix", "hypothesisId": "H3", "location": "main.py:proshivka", "message": "using existing path; executing first action", "data": {"pyt0": [4, 79], "online_svyaz_list0": 71}, "timestamp": 1776945782876}
{"sessionId": "032654", "runId": "pre-fix", "hypothesisId": "H1", "location": "main.py:stiranie_pamyati", "message": "memory erase requested", "data": {"old_ekran_before": "id_ekran_4"}, "timestamp": 1776945825241}
{"sessionId": "032654", "runId": "pre-fix", "hypothesisId": "H1", "location": "main.py:stiranie_pamyati", "message": "memory erase completed", "data": {"old_ekran_after": 0}, "timestamp": 1776945825242}
{"sessionId": "032654", "runId": "pre-fix", "hypothesisId": "H4", "location": "main.py:perenos_sostoyaniya", "message": "screen state transfer", "data": {"new_name_id_ekran": "id_ekran_4", "old_ekran_before": 0, "screen_last_update": 1776945825.1456077}, "timestamp": 1776945825245}
{"sessionId": "032654", "runId": "pre-fix", "hypothesisId": "H4", "location": "main.py:perenos_sostoyaniya", "message": "old_ekran updated", "data": {"old_ekran_after": "id_ekran_4"}, "timestamp": 1776945825246}
{"sessionId": "032654", "runId": "pre-fix", "hypothesisId": "H4", "location": "main.py:perenos_sostoyaniya", "message": "screen state transfer", "data": {"new_name_id_ekran": "id_ekran_4", "old_ekran_before": 0, "screen_last_update": 1776946276.7105956}, "timestamp": 1776946276735}
{"sessionId": "032654", "runId": "pre-fix", "hypothesisId": "H4", "location": "main.py:perenos_sostoyaniya", "message": "old_ekran updated", "data": {"old_ekran_after": "id_ekran_4"}, "timestamp": 1776946276737}
{"sessionId": "032654", "runId": "pre-fix", "hypothesisId": "H4", "location": "main.py:perenos_sostoyaniya", "message": "screen state transfer", "data": {"new_name_id_ekran": "id_ekran_7", "old_ekran_before": "id_ekran_4", "screen_last_update": 1776946284.7153838}, "timestamp": 1776946285996}
{"sessionId": "032654", "runId": "pre-fix", "hypothesisId": "H4", "location": "main.py:perenos_sostoyaniya", "message": "old_ekran updated", "data": {"old_ekran_after": "id_ekran_7"}, "timestamp": 1776946285997}
{"sessionId": "032654", "runId": "pre-fix", "hypothesisId": "H1", "location": "main.py:stiranie_pamyati", "message": "memory erase requested", "data": {"old_ekran_before": 0}, "timestamp": 1776946522525}
{"sessionId": "032654", "runId": "pre-fix", "hypothesisId": "H1", "location": "main.py:stiranie_pamyati", "message": "memory erase completed", "data": {"old_ekran_after": 0}, "timestamp": 1776946522794}
{"sessionId": "032654", "runId": "pre-fix", "hypothesisId": "H4", "location": "main.py:perenos_sostoyaniya", "message": "screen state transfer", "data": {"new_name_id_ekran": "id_ekran_7", "old_ekran_before": 0, "screen_last_update": 1776946522.208659}, "timestamp": 1776946523572}
{"sessionId": "032654", "runId": "pre-fix", "hypothesisId": "H4", "location": "main.py:perenos_sostoyaniya", "message": "old_ekran updated", "data": {"old_ekran_after": "id_ekran_7"}, "timestamp": 1776946523759}
{"sessionId": "032654", "runId": "pre-fix", "hypothesisId": "H1", "location": "main.py:stiranie_pamyati", "message": "memory erase requested", "data": {"old_ekran_before": 0}, "timestamp": 1776946900911}
{"sessionId": "032654", "runId": "pre-fix", "hypothesisId": "H1", "location": "main.py:stiranie_pamyati", "message": "memory erase completed", "data": {"old_ekran_after": 0}, "timestamp": 1776946900916}
{"sessionId": "032654", "runId": "pre-fix", "hypothesisId": "H4", "location": "main.py:perenos_sostoyaniya", "message": "screen state transfer", "data": {"new_name_id_ekran": "id_ekran_4", "old_ekran_before": 0, "screen_last_update": 1776946907.5124388}, "timestamp": 1776946908903}
{"sessionId": "032654", "runId": "pre-fix", "hypothesisId": "H4", "location": "main.py:perenos_sostoyaniya", "message": "old_ekran updated", "data": {"old_ekran_after": "id_ekran_4"}, "timestamp": 1776946908905}
{"sessionId": "032654", "runId": "pre-fix", "hypothesisId": "H2", "location": "main.py:main_loop", "message": "input 1 branch executed; memory cleared and old_ekran re-injected", "data": {"old_ekran": "id_ekran_4", "tekushiy_id": 10, "in_pamyat_name_len": 0, "online_svyaz_list_len": 1}, "timestamp": 1776946930990}
{"sessionId": "032654", "runId": "pre-fix", "hypothesisId": "H3", "location": "main.py:proshivka", "message": "picked first online link", "data": {"pervaya_online_svyaz": 7, "id_finish": 7}, "timestamp": 1776946945475}
{"sessionId": "032654", "runId": "pre-fix", "hypothesisId": "H3", "location": "main.py:proshivka", "message": "using existing path; executing first action", "data": {"pyt0": [8, 8], "online_svyaz_list0": 8}, "timestamp": 1776946951950}
{"sessionId": "032654", "runId": "pre-fix", "hypothesisId": "H4", "location": "main.py:perenos_sostoyaniya", "message": "screen state transfer", "data": {"new_name_id_ekran": "id_ekran_7", "old_ekran_before": "id_ekran_4", "screen_last_update": 1776946956.3544366}, "timestamp": 1776946956983}
{"sessionId": "032654", "runId": "pre-fix", "hypothesisId": "H4", "location": "main.py:perenos_sostoyaniya", "message": "old_ekran updated", "data": {"old_ekran_after": "id_ekran_7"}, "timestamp": 1776946957297}
{"sessionId": "032654", "runId": "pre-fix", "hypothesisId": "H3", "location": "main.py:proshivka", "message": "using existing path; executing first action", "data": {"pyt0": [9, 9], "online_svyaz_list0": null}, "timestamp": 1776946963811}
{"sessionId": "032654", "runId": "pre-fix", "hypothesisId": "H3", "location": "main.py:proshivka", "message": "using existing path; executing first action", "data": {"pyt0": [10, 10], "online_svyaz_list0": null}, "timestamp": 1776946970214}
{"sessionId": "032654", "runId": "pre-fix", "hypothesisId": "H3", "location": "main.py:proshivka", "message": "picked first online link", "data": {"pervaya_online_svyaz": 11, "id_finish": 1}, "timestamp": 1776946976654}
{"sessionId": "032654", "runId": "pre-fix", "hypothesisId": "H4", "location": "main.py:perenos_sostoyaniya", "message": "screen state transfer", "data": {"new_name_id_ekran": "id_ekran_4", "old_ekran_before": "id_ekran_7", "screen_last_update": 1776946990.2569866}, "timestamp": 1776946991493}
{"sessionId": "032654", "runId": "pre-fix", "hypothesisId": "H4", "location": "main.py:perenos_sostoyaniya", "message": "old_ekran updated", "data": {"old_ekran_after": "id_ekran_4"}, "timestamp": 1776946991495}
{"sessionId": "032654", "runId": "pre-fix", "hypothesisId": "H2", "location": "main.py:main_loop", "message": "input 1 branch executed; memory cleared and old_ekran re-injected", "data": {"old_ekran": "id_ekran_4", "tekushiy_id": 17, "in_pamyat_name_len": 0, "online_svyaz_list_len": 4}, "timestamp": 1776947018265}
{"sessionId": "032654", "runId": "pre-fix", "hypothesisId": "H3", "location": "main.py:proshivka", "message": "picked first online link", "data": {"pervaya_online_svyaz": 21, "id_finish": 7}, "timestamp": 1776947036284}
{"sessionId": "032654", "runId": "pre-fix", "hypothesisId": "H3", "location": "main.py:proshivka", "message": "using existing path; executing first action", "data": {"pyt0": [13, 22], "online_svyaz_list0": 22}, "timestamp": 1776947043230}
{"sessionId": "032654", "runId": "pre-fix", "hypothesisId": "H3", "location": "main.py:proshivka", "message": "using existing path; executing first action", "data": {"pyt0": [14, 23], "online_svyaz_list0": 23}, "timestamp": 1776947054501}
{"sessionId": "032654", "runId": "pre-fix", "hypothesisId": "H3", "location": "main.py:proshivka", "message": "using existing path; executing first action", "data": {"pyt0": [10, 24], "online_svyaz_list0": 23}, "timestamp": 1776947060815}
{"sessionId": "032654", "runId": "pre-fix", "hypothesisId": "H3", "location": "main.py:proshivka", "message": "using existing path; executing first action", "data": {"pyt0": [15, 25], "online_svyaz_list0": 11}, "timestamp": 1776947068464}
{"sessionId": "032654", "runId": "pre-fix", "hypothesisId": "H4", "location": "main.py:perenos_sostoyaniya", "message": "screen state transfer", "data": {"new_name_id_ekran": "id_ekran_5", "old_ekran_before": "id_ekran_4", "screen_last_update": 1776947073.5648468}, "timestamp": 1776947074472}
{"sessionId": "032654", "runId": "pre-fix", "hypothesisId": "H4", "location": "main.py:perenos_sostoyaniya", "message": "old_ekran updated", "data": {"old_ekran_after": "id_ekran_5"}, "timestamp": 1776947074797}
{"sessionId": "032654", "runId": "pre-fix", "hypothesisId": "H3", "location": "main.py:proshivka", "message": "using existing path; executing first action", "data": {"pyt0": [16, 26], "online_svyaz_list0": null}, "timestamp": 1776947076048}
{"sessionId": "032654", "runId": "pre-fix", "hypothesisId": "H3", "location": "main.py:proshivka", "message": "using existing path; executing first action", "data": {"pyt0": [10, 27], "online_svyaz_list0": 27}, "timestamp": 1776947087910}
{"sessionId": "032654", "runId": "pre-fix", "hypothesisId": "H3", "location": "main.py:proshivka", "message": "using existing path; executing first action", "data": {"pyt0": [17, 28], "online_svyaz_list0": 28}, "timestamp": 1776947093568}
{"sessionId": "032654", "runId": "pre-fix", "hypothesisId": "H4", "location": "main.py:perenos_sostoyaniya", "message": "screen state transfer", "data": {"new_name_id_ekran": "id_ekran_4", "old_ekran_before": "id_ekran_5", "screen_last_update": 1776947094.242797}, "timestamp": 1776947094877}
{"sessionId": "032654", "runId": "pre-fix", "hypothesisId": "H4", "location": "main.py:perenos_sostoyaniya", "message": "old_ekran updated", "data": {"old_ekran_after": "id_ekran_4"}, "timestamp": 1776947094879}
{"sessionId": "032654", "runId": "pre-fix", "hypothesisId": "H3", "location": "main.py:proshivka", "message": "picked first online link", "data": {"pervaya_online_svyaz": 8, "id_finish": 8}, "timestamp": 1776947100754}
{"sessionId": "032654", "runId": "pre-fix", "hypothesisId": "H4", "location": "main.py:perenos_sostoyaniya", "message": "screen state transfer", "data": {"new_name_id_ekran": "id_ekran_7", "old_ekran_before": "id_ekran_4", "screen_last_update": 1776947105.621876}, "timestamp": 1776947105624}
{"sessionId": "032654", "runId": "pre-fix", "hypothesisId": "H4", "location": "main.py:perenos_sostoyaniya", "message": "old_ekran updated", "data": {"old_ekran_after": "id_ekran_7"}, "timestamp": 1776947105625}
{"sessionId": "032654", "runId": "pre-fix", "hypothesisId": "H1", "location": "main.py:stiranie_pamyati", "message": "memory erase requested", "data": {"old_ekran_before": "id_ekran_7"}, "timestamp": 1776947110204}
{"sessionId": "032654", "runId": "pre-fix", "hypothesisId": "H1", "location": "main.py:stiranie_pamyati", "message": "memory erase completed", "data": {"old_ekran_after": 0}, "timestamp": 1776947110208}
{"sessionId": "032654", "runId": "pre-fix", "hypothesisId": "H4", "location": "main.py:perenos_sostoyaniya", "message": "screen state transfer", "data": {"new_name_id_ekran": "id_ekran_7", "old_ekran_before": 0, "screen_last_update": 1776947108.951462}, "timestamp": 1776947110214}
{"sessionId": "032654", "runId": "pre-fix", "hypothesisId": "H4", "location": "main.py:perenos_sostoyaniya", "message": "old_ekran updated", "data": {"old_ekran_after": "id_ekran_7"}, "timestamp": 1776947110216}
{"sessionId": "032654", "runId": "pre-fix", "hypothesisId": "H4", "location": "main.py:perenos_sostoyaniya", "message": "screen state transfer", "data": {"new_name_id_ekran": "id_ekran_4", "old_ekran_before": "id_ekran_7", "screen_last_update": 1776947127.186065}, "timestamp": 1776947127374}
{"sessionId": "032654", "runId": "pre-fix", "hypothesisId": "H4", "location": "main.py:perenos_sostoyaniya", "message": "old_ekran updated", "data": {"old_ekran_after": "id_ekran_4"}, "timestamp": 1776947127376}
{"sessionId": "032654", "runId": "pre-fix", "hypothesisId": "H2", "location": "main.py:main_loop", "message": "input 1 branch executed; memory cleared and old_ekran re-injected", "data": {"old_ekran": "id_ekran_4", "tekushiy_id": 10, "in_pamyat_name_len": 0, "online_svyaz_list_len": 1}, "timestamp": 1776947131689}
{"sessionId": "032654", "runId": "pre-fix", "hypothesisId": "H2", "location": "main.py:main_loop", "message": "input 1 branch executed; memory cleared and old_ekran re-injected", "data": {"old_ekran": "id_ekran_4", "tekushiy_id": 10, "in_pamyat_name_len": 0, "online_svyaz_list_len": 2}, "timestamp": 1776947154798}
{"sessionId": "032654", "runId": "pre-fix", "hypothesisId": "H3", "location": "main.py:proshivka", "message": "using existing path; executing first action", "data": {"pyt0": [9, 9], "online_svyaz_list0": 16}, "timestamp": 1776947165942}
{"sessionId": "032654", "runId": "pre-fix", "hypothesisId": "H4", "location": "main.py:perenos_sostoyaniya", "message": "screen state transfer", "data": {"new_name_id_ekran": "id_ekran_7", "old_ekran_before": "id_ekran_4", "screen_last_update": 1776947170.4118643}, "timestamp": 1776947170419}
{"sessionId": "032654", "runId": "pre-fix", "hypothesisId": "H4", "location": "main.py:perenos_sostoyaniya", "message": "old_ekran updated", "data": {"old_ekran_after": "id_ekran_7"}, "timestamp": 1776947170421}
{"sessionId": "032654", "runId": "pre-fix", "hypothesisId": "H3", "location": "main.py:proshivka", "message": "using existing path; executing first action", "data": {"pyt0": [10, 10], "online_svyaz_list0": 5}, "timestamp": 1776947176559}
{"sessionId": "032654", "runId": "pre-fix", "hypothesisId": "H3", "location": "main.py:proshivka", "message": "picked first online link", "data": {"pervaya_online_svyaz": 12, "id_finish": 1}, "timestamp": 1776947182382}
{"sessionId": "032654", "runId": "pre-fix", "hypothesisId": "H1", "location": "main.py:stiranie_pamyati", "message": "memory erase requested", "data": {"old_ekran_before": 0}, "timestamp": 1776948293639}
{"sessionId": "032654", "runId": "pre-fix", "hypothesisId": "H1", "location": "main.py:stiranie_pamyati", "message": "memory erase completed", "data": {"old_ekran_after": 0}, "timestamp": 1776948293643}
{"sessionId": "032654", "runId": "pre-fix", "hypothesisId": "H4", "location": "main.py:perenos_sostoyaniya", "message": "screen state transfer", "data": {"new_name_id_ekran": "id_ekran_8", "old_ekran_before": 0, "screen_last_update": 1776948292.2347238}, "timestamp": 1776948293669}
{"sessionId": "032654", "runId": "pre-fix", "hypothesisId": "H4", "location": "main.py:perenos_sostoyaniya", "message": "old_ekran updated", "data": {"old_ekran_after": "id_ekran_8"}, "timestamp": 1776948293671}
{"sessionId": "032654", "runId": "pre-fix", "hypothesisId": "H1", "location": "main.py:stiranie_pamyati", "message": "memory erase requested", "data": {"old_ekran_before": "id_ekran_8"}, "timestamp": 1776948298075}
{"sessionId": "032654", "runId": "pre-fix", "hypothesisId": "H1", "location": "main.py:stiranie_pamyati", "message": "memory erase completed", "data": {"old_ekran_after": 0}, "timestamp": 1776948298076}
{"sessionId": "032654", "runId": "pre-fix", "hypothesisId": "H4", "location": "main.py:perenos_sostoyaniya", "message": "screen state transfer", "data": {"new_name_id_ekran": "id_ekran_8", "old_ekran_before": 0, "screen_last_update": 1776948298.0620904}, "timestamp": 1776948298080}
{"sessionId": "032654", "runId": "pre-fix", "hypothesisId": "H4", "location": "main.py:perenos_sostoyaniya", "message": "old_ekran updated", "data": {"old_ekran_after": "id_ekran_8"}, "timestamp": 1776948298081}
{"sessionId": "032654", "runId": "pre-fix", "hypothesisId": "H4", "location": "main.py:perenos_sostoyaniya", "message": "screen state transfer", "data": {"new_name_id_ekran": "id_ekran_4", "old_ekran_before": "id_ekran_8", "screen_last_update": 1776948306.932625}, "timestamp": 1776948309576}
{"sessionId": "032654", "runId": "pre-fix", "hypothesisId": "H4", "location": "main.py:perenos_sostoyaniya", "message": "old_ekran updated", "data": {"old_ekran_after": "id_ekran_4"}, "timestamp": 1776948309577}
{"sessionId": "032654", "runId": "pre-fix", "hypothesisId": "H2", "location": "main.py:main_loop", "message": "input 1 branch executed; memory cleared and old_ekran re-injected", "data": {"old_ekran": "id_ekran_4", "tekushiy_id": 10, "in_pamyat_name_len": 0, "online_svyaz_list_len": 1}, "timestamp": 1776948322243}
{"sessionId": "032654", "runId": "pre-fix", "hypothesisId": "H2", "location": "main.py:main_loop", "message": "input 1 branch executed; memory cleared and old_ekran re-injected", "data": {"old_ekran": "id_ekran_4", "tekushiy_id": 17, "in_pamyat_name_len": 0, "online_svyaz_list_len": 2}, "timestamp": 1776948352629}
{"sessionId": "032654", "runId": "pre-fix", "hypothesisId": "H3", "location": "main.py:proshivka", "message": "picked first online link", "data": {"pervaya_online_svyaz": 16, "id_finish": 12}, "timestamp": 1776948368043}
{"sessionId": "032654", "runId": "pre-fix", "hypothesisId": "H3", "location": "main.py:proshivka", "message": "using existing path; executing first action", "data": {"pyt0": [13, 17], "online_svyaz_list0": 17}, "timestamp": 1776948379979}
{"sessionId": "032654", "runId": "pre-fix", "hypothesisId": "H3", "location": "main.py:proshivka", "message": "using existing path; executing first action", "data": {"pyt0": [10, 18], "online_svyaz_list0": 17}, "timestamp": 1776948387774}
{"sessionId": "032654", "runId": "pre-fix", "hypothesisId": "H3", "location": "main.py:proshivka", "message": "using existing path; executing first action", "data": {"pyt0": [14, 19], "online_svyaz_list0": 12}, "timestamp": 1776948394730}
{"sessionId": "032654", "runId": "pre-fix", "hypothesisId": "H4", "location": "main.py:perenos_sostoyaniya", "message": "screen state transfer", "data": {"new_name_id_ekran": "id_ekran_5", "old_ekran_before": "id_ekran_4", "screen_last_update": 1776948400.202505}, "timestamp": 1776948401061}
{"sessionId": "032654", "runId": "pre-fix", "hypothesisId": "H4", "location": "main.py:perenos_sostoyaniya", "message": "old_ekran updated", "data": {"old_ekran_after": "id_ekran_5"}, "timestamp": 1776948401393}
{"sessionId": "032654", "runId": "pre-fix", "hypothesisId": "H3", "location": "main.py:proshivka", "message": "using existing path; executing first action", "data": {"pyt0": [15, 20], "online_svyaz_list0": null}, "timestamp": 1776948401966}
{"sessionId": "032654", "runId": "pre-fix", "hypothesisId": "H3", "location": "main.py:proshivka", "message": "using existing path; executing first action", "data": {"pyt0": [16, 21], "online_svyaz_list0": 21}, "timestamp": 1776948413334}
{"sessionId": "032654", "runId": "pre-fix", "hypothesisId": "H3", "location": "main.py:proshivka", "message": "using existing path; executing first action", "data": {"pyt0": [10, 22], "online_svyaz_list0": 21}, "timestamp": 1776948419492}
{"sessionId": "032654", "runId": "pre-fix", "hypothesisId": "H4", "location": "main.py:perenos_sostoyaniya", "message": "screen state transfer", "data": {"new_name_id_ekran": "id_ekran_4", "old_ekran_before": "id_ekran_5", "screen_last_update": 1776948426.7252064}, "timestamp": 1776948426788}
{"sessionId": "032654", "runId": "pre-fix", "hypothesisId": "H4", "location": "main.py:perenos_sostoyaniya", "message": "old_ekran updated", "data": {"old_ekran_after": "id_ekran_4"}, "timestamp": 1776948426789}
{"sessionId": "032654", "runId": "pre-fix", "hypothesisId": "H3", "location": "main.py:proshivka", "message": "using existing path; executing first action", "data": {"pyt0": [17, 23], "online_svyaz_list0": 9}, "timestamp": 1776948428938}
{"sessionId": "032654", "runId": "pre-fix", "hypothesisId": "H3", "location": "main.py:proshivka", "message": "picked first online link", "data": {"pervaya_online_svyaz": 24, "id_finish": 1}, "timestamp": 1776948435859}
{"sessionId": "032654", "runId": "pre-fix", "hypothesisId": "H4", "location": "main.py:perenos_sostoyaniya", "message": "screen state transfer", "data": {"new_name_id_ekran": "id_ekran_5", "old_ekran_before": "id_ekran_4", "screen_last_update": 1776948447.8955984}, "timestamp": 1776948448699}
{"sessionId": "032654", "runId": "pre-fix", "hypothesisId": "H4", "location": "main.py:perenos_sostoyaniya", "message": "old_ekran updated", "data": {"old_ekran_after": "id_ekran_5"}, "timestamp": 1776948449101}
{"sessionId": "032654", "runId": "pre-fix", "hypothesisId": "H3", "location": "main.py:proshivka", "message": "picked first online link", "data": {"pervaya_online_svyaz": 32, "id_finish": 15}, "timestamp": 1776948454399}
{"sessionId": "032654", "runId": "pre-fix", "hypothesisId": "H3", "location": "main.py:proshivka", "message": "using existing path; executing first action", "data": {"pyt0": [10, 33], "online_svyaz_list0": 33}, "timestamp": 1776948467794}
{"sessionId": "032654", "runId": "pre-fix", "hypothesisId": "H4", "location": "main.py:perenos_sostoyaniya", "message": "screen state transfer", "data": {"new_name_id_ekran": "id_ekran_4", "old_ekran_before": "id_ekran_5", "screen_last_update": 1776948472.7090614}, "timestamp": 1776948473150}
{"sessionId": "032654", "runId": "pre-fix", "hypothesisId": "H4", "location": "main.py:perenos_sostoyaniya", "message": "old_ekran updated", "data": {"old_ekran_after": "id_ekran_4"}, "timestamp": 1776948473660}
{"sessionId": "032654", "runId": "pre-fix", "hypothesisId": "H3", "location": "main.py:proshivka", "message": "using existing path; executing first action", "data": {"pyt0": [7, 34], "online_svyaz_list0": 35}, "timestamp": 1776948474367}
{"sessionId": "032654", "runId": "pre-fix", "hypothesisId": "H3", "location": "main.py:proshivka", "message": "using existing path; executing first action", "data": {"pyt0": [17, 35], "online_svyaz_list0": 9}, "timestamp": 1776948481139}
{"sessionId": "032654", "runId": "pre-fix", "hypothesisId": "H3", "location": "main.py:proshivka", "message": "using existing path; executing first action", "data": {"pyt0": [5, 36], "online_svyaz_list0": 36}, "timestamp": 1776948487221}
{"sessionId": "032654", "runId": "pre-fix", "hypothesisId": "H3", "location": "main.py:proshivka", "message": "using existing path; executing first action", "data": {"pyt0": [6, 37], "online_svyaz_list0": 37}, "timestamp": 1776948493382}
{"sessionId": "032654", "runId": "pre-fix", "hypothesisId": "H3", "location": "main.py:proshivka", "message": "using existing path; executing first action", "data": {"pyt0": [18, 38], "online_svyaz_list0": 38}, "timestamp": 1776948500123}
{"sessionId": "032654", "runId": "pre-fix", "hypothesisId": "H3", "location": "main.py:proshivka", "message": "picked first online link", "data": {"pervaya_online_svyaz": 39, "id_finish": 15}, "timestamp": 1776948507143}
{"sessionId": "032654", "runId": "pre-fix", "hypothesisId": "H3", "location": "main.py:proshivka", "message": "using existing path; executing first action", "data": {"pyt0": [10, 40], "online_svyaz_list0": 40}, "timestamp": 1776948520783}
{"sessionId": "032654", "runId": "pre-fix", "hypothesisId": "H3", "location": "main.py:proshivka", "message": "using existing path; executing first action", "data": {"pyt0": [7, 41], "online_svyaz_list0": 41}, "timestamp": 1776948526620}
{"sessionId": "032654", "runId": "pre-fix", "hypothesisId": "H3", "location": "main.py:proshivka", "message": "using existing path; executing first action", "data": {"pyt0": [7, 42], "online_svyaz_list0": 42}, "timestamp": 1776948533316}
{"sessionId": "032654", "runId": "pre-fix", "hypothesisId": "H3", "location": "main.py:proshivka", "message": "using existing path; executing first action", "data": {"pyt0": [17, 43], "online_svyaz_list0": 43}, "timestamp": 1776948540602}
{"sessionId": "032654", "runId": "pre-fix", "hypothesisId": "H3", "location": "main.py:proshivka", "message": "using existing path; executing first action", "data": {"pyt0": [5, 44], "online_svyaz_list0": 44}, "timestamp": 1776948547430}
{"sessionId": "032654", "runId": "pre-fix", "hypothesisId": "H3", "location": "main.py:proshivka", "message": "using existing path; executing first action", "data": {"pyt0": [6, 45], "online_svyaz_list0": 45}, "timestamp": 1776948554833}
{"sessionId": "032654", "runId": "pre-fix", "hypothesisId": "H3", "location": "main.py:proshivka", "message": "using existing path; executing first action", "data": {"pyt0": [18, 46], "online_svyaz_list0": 46}, "timestamp": 1776948561740}
{"sessionId": "032654", "runId": "pre-fix", "hypothesisId": "H3", "location": "main.py:proshivka", "message": "picked first online link", "data": {"pervaya_online_svyaz": 47, "id_finish": 15}, "timestamp": 1776948567793}
{"sessionId": "032654", "runId": "pre-fix", "hypothesisId": "H1", "location": "main.py:main_loop", "message": "input 0 branch executed", "data": {"old_ekran_after": 0, "online_svyaz_list_len": 0, "in_pamyat_name_len": 1}, "timestamp": 1776948644549}
{"sessionId": "032654", "runId": "pre-fix", "hypothesisId": "H1", "location": "main.py:stiranie_pamyati", "message": "memory erase requested", "data": {"old_ekran_before": 0}, "timestamp": 1776948936468}
{"sessionId": "032654", "runId": "pre-fix", "hypothesisId": "H1", "location": "main.py:stiranie_pamyati", "message": "memory erase completed", "data": {"old_ekran_after": 0}, "timestamp": 1776948936663}
{"sessionId": "032654", "runId": "pre-fix", "hypothesisId": "H4", "location": "main.py:perenos_sostoyaniya", "message": "screen state transfer", "data": {"new_name_id_ekran": "id_ekran_4", "old_ekran_before": 0, "screen_last_update": 1776948935.4897194}, "timestamp": 1776948936675}
{"sessionId": "032654", "runId": "pre-fix", "hypothesisId": "H4", "location": "main.py:perenos_sostoyaniya", "message": "old_ekran updated", "data": {"old_ekran_after": "id_ekran_4"}, "timestamp": 1776948936676}
{"sessionId": "032654", "runId": "pre-fix", "hypothesisId": "H2", "location": "main.py:main_loop", "message": "input 1 branch executed; memory cleared and old_ekran re-injected", "data": {"old_ekran": "id_ekran_4", "tekushiy_id": 9, "in_pamyat_name_len": 0, "online_svyaz_list_len": 1}, "timestamp": 1776948948661}
{"sessionId": "032654", "runId": "pre-fix", "hypothesisId": "H4", "location": "main.py:perenos_sostoyaniya", "message": "screen state transfer", "data": {"new_name_id_ekran": "id_ekran_5", "old_ekran_before": "id_ekran_4", "screen_last_update": 1776948962.7688756}, "timestamp": 1776948964090}
{"sessionId": "032654", "runId": "pre-fix", "hypothesisId": "H4", "location": "main.py:perenos_sostoyaniya", "message": "old_ekran updated", "data": {"old_ekran_after": "id_ekran_5"}, "timestamp": 1776948964092}
{"sessionId": "032654", "runId": "pre-fix", "hypothesisId": "H2", "location": "main.py:main_loop", "message": "input 1 branch executed; memory cleared and old_ekran re-injected", "data": {"old_ekran": "id_ekran_5", "tekushiy_id": 9, "in_pamyat_name_len": 0, "online_svyaz_list_len": 1}, "timestamp": 1776948966701}
{"sessionId": "032654", "runId": "pre-fix", "hypothesisId": "H4", "location": "main.py:perenos_sostoyaniya", "message": "screen state transfer", "data": {"new_name_id_ekran": "id_ekran_4", "old_ekran_before": "id_ekran_5", "screen_last_update": 1776948971.938431}, "timestamp": 1776948973110}
{"sessionId": "032654", "runId": "pre-fix", "hypothesisId": "H4", "location": "main.py:perenos_sostoyaniya", "message": "old_ekran updated", "data": {"old_ekran_after": "id_ekran_4"}, "timestamp": 1776948973117}
{"sessionId": "032654", "runId": "pre-fix", "hypothesisId": "H3", "location": "main.py:proshivka", "message": "picked first online link", "data": {"pervaya_online_svyaz": 6, "id_finish": 6}, "timestamp": 1776948983038}
{"sessionId": "032654", "runId": "pre-fix", "hypothesisId": "H3", "location": "main.py:proshivka", "message": "using existing path; executing first action", "data": {"pyt0": [6, 7], "online_svyaz_list0": 7}, "timestamp": 1776948989560}
{"sessionId": "032654", "runId": "pre-fix", "hypothesisId": "H3", "location": "main.py:proshivka", "message": "using existing path; executing first action", "data": {"pyt0": [7, 8], "online_svyaz_list0": 8}, "timestamp": 1776948996382}
{"sessionId": "032654", "runId": "pre-fix", "hypothesisId": "H3", "location": "main.py:proshivka", "message": "using existing path; executing first action", "data": {"pyt0": [8, 9], "online_svyaz_list0": 9}, "timestamp": 1776949007971}
{"sessionId": "032654", "runId": "pre-fix", "hypothesisId": "H1", "location": "main.py:main_loop", "message": "input 0 branch executed", "data": {"old_ekran_after": 0, "online_svyaz_list_len": 0, "in_pamyat_name_len": 1}, "timestamp": 1776949015409}
{"sessionId": "032654", "runId": "pre-fix", "hypothesisId": "H4", "location": "main.py:perenos_sostoyaniya", "message": "screen state transfer", "data": {"new_name_id_ekran": "id_ekran_4", "old_ekran_before": 0, "screen_last_update": 1776949643.9732502}, "timestamp": 1776949645105}
{"sessionId": "032654", "runId": "pre-fix", "hypothesisId": "H4", "location": "main.py:perenos_sostoyaniya", "message": "old_ekran updated", "data": {"old_ekran_after": "id_ekran_4"}, "timestamp": 1776949645120}
{"sessionId": "032654", "runId": "pre-fix", "hypothesisId": "H3", "location": "main.py:proshivka", "message": "picked first online link", "data": {"pervaya_online_svyaz": 28, "id_finish": 6}, "timestamp": 1776949650261}
{"sessionId": "032654", "runId": "pre-fix", "hypothesisId": "H3", "location": "main.py:proshivka", "message": "using existing path; executing first action", "data": {"pyt0": [6, 29], "online_svyaz_list0": 29}, "timestamp": 1776949656385}
{"sessionId": "032654", "runId": "pre-fix", "hypothesisId": "H1", "location": "main.py:main_loop", "message": "input 0 branch executed", "data": {"old_ekran_after": 0, "online_svyaz_list_len": 0, "in_pamyat_name_len": 1}, "timestamp": 1776949682557}
{"sessionId": "032654", "runId": "pre-fix", "hypothesisId": "H1", "location": "main.py:stiranie_pamyati", "message": "memory erase requested", "data": {"old_ekran_before": 0}, "timestamp": 1776951383575}
{"sessionId": "032654", "runId": "pre-fix", "hypothesisId": "H1", "location": "main.py:stiranie_pamyati", "message": "memory erase completed", "data": {"old_ekran_after": 0}, "timestamp": 1776951383751}
{"sessionId": "032654", "runId": "pre-fix", "hypothesisId": "H4", "location": "main.py:perenos_sostoyaniya", "message": "screen state transfer", "data": {"new_name_id_ekran": "id_ekran_9", "old_ekran_before": 0, "screen_last_update": 1776951387.0904453}, "timestamp": 1776951388375}
{"sessionId": "032654", "runId": "pre-fix", "hypothesisId": "H4", "location": "main.py:perenos_sostoyaniya", "message": "old_ekran updated", "data": {"old_ekran_after": "id_ekran_9"}, "timestamp": 1776951388376}
{"sessionId": "032654", "runId": "pre-fix", "hypothesisId": "H1", "location": "main.py:stiranie_pamyati", "message": "memory erase requested", "data": {"old_ekran_before": "id_ekran_9"}, "timestamp": 1776951402564}
{"sessionId": "032654", "runId": "pre-fix", "hypothesisId": "H1", "location": "main.py:stiranie_pamyati", "message": "memory erase completed", "data": {"old_ekran_after": 0}, "timestamp": 1776951402627}
{"sessionId": "032654", "runId": "pre-fix", "hypothesisId": "H4", "location": "main.py:perenos_sostoyaniya", "message": "screen state transfer", "data": {"new_name_id_ekran": "id_ekran_9", "old_ekran_before": 0, "screen_last_update": 1776951401.6964395}, "timestamp": 1776951402869}
{"sessionId": "032654", "runId": "pre-fix", "hypothesisId": "H4", "location": "main.py:perenos_sostoyaniya", "message": "old_ekran updated", "data": {"old_ekran_after": "id_ekran_9"}, "timestamp": 1776951402871}
{"sessionId": "032654", "runId": "pre-fix", "hypothesisId": "H2", "location": "main.py:main_loop", "message": "input 1 branch executed; memory cleared and old_ekran re-injected", "data": {"old_ekran": "id_ekran_9", "tekushiy_id": 9, "in_pamyat_name_len": 0, "online_svyaz_list_len": 2}, "timestamp": 1776951435602}
{"sessionId": "032654", "runId": "pre-fix", "hypothesisId": "H4", "location": "main.py:perenos_sostoyaniya", "message": "screen state transfer", "data": {"new_name_id_ekran": "id_ekran_10", "old_ekran_before": "id_ekran_9", "screen_last_update": 1776951456.5846176}, "timestamp": 1776951458536}
{"sessionId": "032654", "runId": "pre-fix", "hypothesisId": "H4", "location": "main.py:perenos_sostoyaniya", "message": "old_ekran updated", "data": {"old_ekran_after": "id_ekran_10"}, "timestamp": 1776951458546}
{"sessionId": "032654", "runId": "pre-fix", "hypothesisId": "H4", "location": "main.py:perenos_sostoyaniya", "message": "screen state transfer", "data": {"new_name_id_ekran": "id_ekran_9", "old_ekran_before": "id_ekran_10", "screen_last_update": 1776951466.7855508}, "timestamp": 1776951466807}
{"sessionId": "032654", "runId": "pre-fix", "hypothesisId": "H4", "location": "main.py:perenos_sostoyaniya", "message": "old_ekran updated", "data": {"old_ekran_after": "id_ekran_9"}, "timestamp": 1776951466808}
{"sessionId": "032654", "runId": "pre-fix", "hypothesisId": "H2", "location": "main.py:main_loop", "message": "input 1 branch executed; memory cleared and old_ekran re-injected", "data": {"old_ekran": "id_ekran_9", "tekushiy_id": 9, "in_pamyat_name_len": 0, "online_svyaz_list_len": 4}, "timestamp": 1776951507128}
{"sessionId": "032654", "runId": "pre-fix", "hypothesisId": "H1", "location": "main.py:main_loop", "message": "input 0 branch executed", "data": {"old_ekran_after": 0, "online_svyaz_list_len": 0, "in_pamyat_name_len": 0}, "timestamp": 1776951514909}
{"sessionId": "032654", "runId": "pre-fix", "hypothesisId": "H1", "location": "main.py:stiranie_pamyati", "message": "memory erase requested", "data": {"old_ekran_before": 0}, "timestamp": 1776952206049}
{"sessionId": "032654", "runId": "pre-fix", "hypothesisId": "H1", "location": "main.py:stiranie_pamyati", "message": "memory erase completed", "data": {"old_ekran_after": 0}, "timestamp": 1776952206052}
{"sessionId": "032654", "runId": "pre-fix", "hypothesisId": "H4", "location": "main.py:perenos_sostoyaniya", "message": "screen state transfer", "data": {"new_name_id_ekran": "id_ekran_9", "old_ekran_before": 0, "screen_last_update": 1776952208.7545302}, "timestamp": 1776952210402}
{"sessionId": "032654", "runId": "pre-fix", "hypothesisId": "H4", "location": "main.py:perenos_sostoyaniya", "message": "old_ekran updated", "data": {"old_ekran_after": "id_ekran_9"}, "timestamp": 1776952210404}
{"sessionId": "032654", "runId": "pre-fix", "hypothesisId": "H2", "location": "main.py:main_loop", "message": "input 1 branch executed; memory cleared and old_ekran re-injected", "data": {"old_ekran": "id_ekran_9", "tekushiy_id": 10, "in_pamyat_name_len": 0, "online_svyaz_list_len": 1}, "timestamp": 1776952231936}
{"sessionId": "032654", "runId": "pre-fix", "hypothesisId": "H3", "location": "main.py:proshivka", "message": "picked first online link", "data": {"pervaya_online_svyaz": 8, "id_finish": 8}, "timestamp": 1776952243025}
{"sessionId": "032654", "runId": "pre-fix", "hypothesisId": "H3", "location": "main.py:proshivka", "message": "using existing path; executing first action", "data": {"pyt0": [9, 9], "online_svyaz_list0": 9}, "timestamp": 1776952255607}
{"sessionId": "032654", "runId": "pre-fix", "hypothesisId": "H3", "location": "main.py:proshivka", "message": "using existing path; executing first action", "data": {"pyt0": [10, 10], "online_svyaz_list0": 9}, "timestamp": 1776952261359}
{"sessionId": "032654", "runId": "pre-fix", "hypothesisId": "H3", "location": "main.py:proshivka", "message": "picked first online link", "data": {"pervaya_online_svyaz": 11, "id_finish": 1}, "timestamp": 1776952267867}
{"sessionId": "032654", "runId": "pre-fix", "hypothesisId": "H4", "location": "main.py:perenos_sostoyaniya", "message": "screen state transfer", "data": {"new_name_id_ekran": "id_ekran_10", "old_ekran_before": "id_ekran_9", "screen_last_update": 1776952358.029012}, "timestamp": 1776952359063}
{"sessionId": "032654", "runId": "pre-fix", "hypothesisId": "H4", "location": "main.py:perenos_sostoyaniya", "message": "old_ekran updated", "data": {"old_ekran_after": "id_ekran_10"}, "timestamp": 1776952359093}
{"sessionId": "032654", "runId": "pre-fix", "hypothesisId": "H4", "location": "main.py:perenos_sostoyaniya", "message": "screen state transfer", "data": {"new_name_id_ekran": "id_ekran_9", "old_ekran_before": "id_ekran_10", "screen_last_update": 1776952360.7494812}, "timestamp": 1776952360752}
{"sessionId": "032654", "runId": "pre-fix", "hypothesisId": "H4", "location": "main.py:perenos_sostoyaniya", "message": "old_ekran updated", "data": {"old_ekran_after": "id_ekran_9"}, "timestamp": 1776952360754}
{"sessionId": "032654", "runId": "pre-fix", "hypothesisId": "H2", "location": "main.py:main_loop", "message": "input 1 branch executed; memory cleared and old_ekran re-injected", "data": {"old_ekran": "id_ekran_9", "tekushiy_id": 5, "in_pamyat_name_len": 0, "online_svyaz_list_len": 3}, "timestamp": 1776952369460}
{"sessionId": "032654", "runId": "pre-fix", "hypothesisId": "H3", "location": "main.py:proshivka", "message": "picked first online link", "data": {"pervaya_online_svyaz": 19, "id_finish": 12}, "timestamp": 1776952378511}
{"sessionId": "032654", "runId": "pre-fix", "hypothesisId": "H3", "location": "main.py:proshivka", "message": "using existing path; executing first action", "data": {"pyt0": [13, 20], "online_svyaz_list0": 20}, "timestamp": 1776952384298}
{"sessionId": "032654", "runId": "pre-fix", "hypothesisId": "H3", "location": "main.py:proshivka", "message": "using existing path; executing first action", "data": {"pyt0": [14, 21], "online_svyaz_list0": 21}, "timestamp": 1776952396029}
{"sessionId": "032654", "runId": "pre-fix", "hypothesisId": "H3", "location": "main.py:proshivka", "message": "using existing path; executing first action", "data": {"pyt0": [10, 22], "online_svyaz_list0": 21}, "timestamp": 1776952401847}
{"sessionId": "032654", "runId": "pre-fix", "hypothesisId": "H3", "location": "main.py:proshivka", "message": "using existing path; executing first action", "data": {"pyt0": [15, 23], "online_svyaz_list0": 11}, "timestamp": 1776952408321}
{"sessionId": "032654", "runId": "pre-fix", "hypothesisId": "H4", "location": "main.py:perenos_sostoyaniya", "message": "screen state transfer", "data": {"new_name_id_ekran": "id_ekran_10", "old_ekran_before": "id_ekran_9", "screen_last_update": 1776952412.4607003}, "timestamp": 1776952412967}
{"sessionId": "032654", "runId": "pre-fix", "hypothesisId": "H4", "location": "main.py:perenos_sostoyaniya", "message": "old_ekran updated", "data": {"old_ekran_after": "id_ekran_10"}, "timestamp": 1776952413008}
{"sessionId": "032654", "runId": "pre-fix", "hypothesisId": "H3", "location": "main.py:proshivka", "message": "using existing path; executing first action", "data": {"pyt0": [16, 24], "online_svyaz_list0": 20}, "timestamp": 1776952414688}
{"sessionId": "032654", "runId": "pre-fix", "hypothesisId": "H3", "location": "main.py:proshivka", "message": "using existing path; executing first action", "data": {"pyt0": [17, 25], "online_svyaz_list0": 25}, "timestamp": 1776952427712}
{"sessionId": "032654", "runId": "pre-fix", "hypothesisId": "H3", "location": "main.py:proshivka", "message": "using existing path; executing first action", "data": {"pyt0": [10, 26], "online_svyaz_list0": 25}, "timestamp": 1776952433224}
{"sessionId": "032654", "runId": "pre-fix", "hypothesisId": "H3", "location": "main.py:proshivka", "message": "using existing path; executing first action", "data": {"pyt0": [5, 27], "online_svyaz_list0": 11}, "timestamp": 1776952439108}
{"sessionId": "032654", "runId": "pre-fix", "hypothesisId": "H4", "location": "main.py:perenos_sostoyaniya", "message": "screen state transfer", "data": {"new_name_id_ekran": "id_ekran_9", "old_ekran_before": "id_ekran_10", "screen_last_update": 1776952443.0159156}, "timestamp": 1776952443020}
{"sessionId": "032654", "runId": "pre-fix", "hypothesisId": "H4", "location": "main.py:perenos_sostoyaniya", "message": "old_ekran updated", "data": {"old_ekran_after": "id_ekran_9"}, "timestamp": 1776952443044}
{"sessionId": "032654", "runId": "pre-fix", "hypothesisId": "H3", "location": "main.py:proshivka", "message": "picked first online link", "data": {"pervaya_online_svyaz": 6, "id_finish": 6}, "timestamp": 1776952444753}
{"sessionId": "032654", "runId": "pre-fix", "hypothesisId": "H3", "location": "main.py:proshivka", "message": "using existing path; executing first action", "data": {"pyt0": [7, 7], "online_svyaz_list0": 7}, "timestamp": 1776952450360}
{"sessionId": "032654", "runId": "pre-fix", "hypothesisId": "H1", "location": "main.py:main_loop", "message": "input 0 branch executed", "data": {"old_ekran_after": 0, "online_svyaz_list_len": 0, "in_pamyat_name_len": 1}, "timestamp": 1776952460309}
{"sessionId": "032654", "runId": "pre-fix", "hypothesisId": "H4", "location": "main.py:perenos_sostoyaniya", "message": "screen state transfer", "data": {"new_name_id_ekran": "id_ekran_9", "old_ekran_before": 0, "screen_last_update": 1776956205.2847552}, "timestamp": 1776956205865}
{"sessionId": "032654", "runId": "pre-fix", "hypothesisId": "H4", "location": "main.py:perenos_sostoyaniya", "message": "old_ekran updated", "data": {"old_ekran_after": "id_ekran_9"}, "timestamp": 1776956206148}
{"sessionId": "032654", "runId": "pre-fix", "hypothesisId": "H2", "location": "main.py:main_loop", "message": "input 1 branch executed; memory cleared and old_ekran re-injected", "data": {"old_ekran": "id_ekran_9", "tekushiy_id": 14, "in_pamyat_name_len": 0, "online_svyaz_list_len": 1}, "timestamp": 1776956227551}
{"sessionId": "032654", "runId": "pre-fix", "hypothesisId": "H3", "location": "main.py:proshivka", "message": "picked first online link", "data": {"pervaya_online_svyaz": 7, "id_finish": 7}, "timestamp": 1776956263394}
{"sessionId": "032654", "runId": "pre-fix", "hypothesisId": "H3", "location": "main.py:proshivka", "message": "using existing path; executing first action", "data": {"pyt0": [8, 8], "online_svyaz_list0": 8}, "timestamp": 1776956275318}
{"sessionId": "032654", "runId": "pre-fix", "hypothesisId": "H3", "location": "main.py:proshivka", "message": "using existing path; executing first action", "data": {"pyt0": [9, 9], "online_svyaz_list0": 8}, "timestamp": 1776956285526}
{"sessionId": "032654", "runId": "pre-fix", "hypothesisId": "H3", "location": "main.py:proshivka", "message": "using existing path; executing first action", "data": {"pyt0": [10, 10], "online_svyaz_list0": 10}, "timestamp": 1776956292160}
{"sessionId": "032654", "runId": "pre-fix", "hypothesisId": "H4", "location": "main.py:perenos_sostoyaniya", "message": "screen state transfer", "data": {"new_name_id_ekran": "id_ekran_11", "old_ekran_before": "id_ekran_9", "screen_last_update": 1776956295.4134815}, "timestamp": 1776956296189}
{"sessionId": "032654", "runId": "pre-fix", "hypothesisId": "H4", "location": "main.py:perenos_sostoyaniya", "message": "old_ekran updated", "data": {"old_ekran_after": "id_ekran_11"}, "timestamp": 1776956296803}
{"sessionId": "032654", "runId": "pre-fix", "hypothesisId": "H3", "location": "main.py:proshivka", "message": "using existing path; executing first action", "data": {"pyt0": [11, 11], "online_svyaz_list0": null}, "timestamp": 1776956299703}
{"sessionId": "032654", "runId": "pre-fix", "hypothesisId": "H3", "location": "main.py:proshivka", "message": "using existing path; executing first action", "data": {"pyt0": [12, 12], "online_svyaz_list0": 12}, "timestamp": 1776956310149}
{"sessionId": "032654", "runId": "pre-fix", "hypothesisId": "H3", "location": "main.py:proshivka", "message": "using existing path; executing first action", "data": {"pyt0": [9, 13], "online_svyaz_list0": 12}, "timestamp": 1776956317652}
{"sessionId": "032654", "runId": "pre-fix", "hypothesisId": "H4", "location": "main.py:perenos_sostoyaniya", "message": "screen state transfer", "data": {"new_name_id_ekran": "id_ekran_9", "old_ekran_before": "id_ekran_11", "screen_last_update": 1776956322.7856407}, "timestamp": 1776956322899}
{"sessionId": "032654", "runId": "pre-fix", "hypothesisId": "H4", "location": "main.py:perenos_sostoyaniya", "message": "old_ekran updated", "data": {"old_ekran_after": "id_ekran_9"}, "timestamp": 1776956322901}
{"sessionId": "032654", "runId": "pre-fix", "hypothesisId": "H3", "location": "main.py:proshivka", "message": "using existing path; executing first action", "data": {"pyt0": [13, 14], "online_svyaz_list0": 18}, "timestamp": 1776956323425}
{"sessionId": "032654", "runId": "pre-fix", "hypothesisId": "H3", "location": "main.py:proshivka", "message": "using existing path; executing first action", "data": {"pyt0": [8, 15], "online_svyaz_list0": 15}, "timestamp": 1776956333585}
{"sessionId": "032654", "runId": "pre-fix", "hypothesisId": "H3", "location": "main.py:proshivka", "message": "using existing path; executing first action", "data": {"pyt0": [9, 16], "online_svyaz_list0": 15}, "timestamp": 1776956344309}
{"sessionId": "032654", "runId": "pre-fix", "hypothesisId": "H3", "location": "main.py:proshivka", "message": "using existing path; executing first action", "data": {"pyt0": [14, 17], "online_svyaz_list0": 10}, "timestamp": 1776956350450}
{"sessionId": "032654", "runId": "pre-fix", "hypothesisId": "H3", "location": "main.py:proshivka", "message": "picked first online link", "data": {"pervaya_online_svyaz": 18, "id_finish": 1}, "timestamp": 1776956356843}
{"sessionId": "032654", "runId": "pre-fix", "hypothesisId": "H1", "location": "main.py:main_loop", "message": "input 0 branch executed", "data": {"old_ekran_after": 0, "online_svyaz_list_len": 0, "in_pamyat_name_len": 0}, "timestamp": 1776956376164}
{"sessionId": "032654", "runId": "pre-fix", "hypothesisId": "H4", "location": "main.py:perenos_sostoyaniya", "message": "screen state transfer", "data": {"new_name_id_ekran": "id_ekran_12", "old_ekran_before": 0, "screen_last_update": 1777373535.228811}, "timestamp": 1777373536556}
{"sessionId": "032654", "runId": "pre-fix", "hypothesisId": "H4", "location": "main.py:perenos_sostoyaniya", "message": "old_ekran updated", "data": {"old_ekran_after": "id_ekran_12"}, "timestamp": 1777373536558}
{"sessionId": "032654", "runId": "pre-fix", "hypothesisId": "H1", "location": "main.py:stiranie_pamyati", "message": "memory erase requested", "data": {"old_ekran_before": 0}, "timestamp": 1777374559227}
{"sessionId": "032654", "runId": "pre-fix", "hypothesisId": "H1", "location": "main.py:stiranie_pamyati", "message": "memory erase completed", "data": {"old_ekran_after": 0}, "timestamp": 1777374559413}
{"sessionId": "032654", "runId": "pre-fix", "hypothesisId": "H4", "location": "main.py:perenos_sostoyaniya", "message": "screen state transfer", "data": {"new_name_id_ekran": "id_ekran_9", "old_ekran_before": 0, "screen_last_update": 1777374598.3337317}, "timestamp": 1777374599717}
{"sessionId": "032654", "runId": "pre-fix", "hypothesisId": "H4", "location": "main.py:perenos_sostoyaniya", "message": "old_ekran updated", "data": {"old_ekran_after": "id_ekran_9"}, "timestamp": 1777374599724}
{"sessionId": "032654", "runId": "pre-fix", "hypothesisId": "H2", "location": "main.py:main_loop", "message": "input 1 branch executed; memory cleared and old_ekran re-injected", "data": {"old_ekran": "id_ekran_9", "tekushiy_id": 10, "in_pamyat_name_len": 0, "online_svyaz_list_len": 1}, "timestamp": 1777374649788}
{"sessionId": "032654", "runId": "pre-fix", "hypothesisId": "H3", "location": "main.py:proshivka", "message": "picked first online link", "data": {"pervaya_online_svyaz": 7, "id_finish": 7}, "timestamp": 1777374666220}
{"sessionId": "032654", "runId": "pre-fix", "hypothesisId": "H3", "location": "main.py:proshivka", "message": "using existing path; executing first action", "data": {"pyt0": [8, 8], "online_svyaz_list0": 8}, "timestamp": 1777374671985}
{"sessionId": "032654", "runId": "pre-fix", "hypothesisId": "H3", "location": "main.py:proshivka", "message": "using existing path; executing first action", "data": {"pyt0": [9, 9], "online_svyaz_list0": 9}, "timestamp": 1777374682038}
{"sessionId": "032654", "runId": "pre-fix", "hypothesisId": "H3", "location": "main.py:proshivka", "message": "using existing path; executing first action", "data": {"pyt0": [10, 10], "online_svyaz_list0": 9}, "timestamp": 1777374687685}
{"sessionId": "032654", "runId": "pre-fix", "hypothesisId": "H3", "location": "main.py:proshivka", "message": "picked first online link", "data": {"pervaya_online_svyaz": 11, "id_finish": 1}, "timestamp": 1777374694556}
{"sessionId": "032654", "runId": "pre-fix", "hypothesisId": "H2", "location": "main.py:main_loop", "message": "input 1 branch executed; memory cleared and old_ekran re-injected", "data": {"old_ekran": "id_ekran_9", "tekushiy_id": 10, "in_pamyat_name_len": 0, "online_svyaz_list_len": 3}, "timestamp": 1777374832435}
{"sessionId": "032654", "runId": "pre-fix", "hypothesisId": "H3", "location": "main.py:proshivka", "message": "picked first online link", "data": {"pervaya_online_svyaz": 20, "id_finish": 12}, "timestamp": 1777374854827}
{"sessionId": "032654", "runId": "pre-fix", "hypothesisId": "H3", "location": "main.py:proshivka", "message": "using existing path; executing first action", "data": {"pyt0": [13, 21], "online_svyaz_list0": 21}, "timestamp": 1777374865513}
{"sessionId": "032654", "runId": "pre-fix", "hypothesisId": "H3", "location": "main.py:proshivka", "message": "using existing path; executing first action", "data": {"pyt0": [10, 22], "online_svyaz_list0": 21}, "timestamp": 1777374872091}
{"sessionId": "032654", "runId": "pre-fix", "hypothesisId": "H3", "location": "main.py:proshivka", "message": "using existing path; executing first action", "data": {"pyt0": [14, 23], "online_svyaz_list0": 11}, "timestamp": 1777374878684}
{"sessionId": "032654", "runId": "pre-fix", "hypothesisId": "H4", "location": "main.py:perenos_sostoyaniya", "message": "screen state transfer", "data": {"new_name_id_ekran": "id_ekran_11", "old_ekran_before": "id_ekran_9", "screen_last_update": 1777374882.2856553}, "timestamp": 1777374882327}
{"sessionId": "032654", "runId": "pre-fix", "hypothesisId": "H4", "location": "main.py:perenos_sostoyaniya", "message": "old_ekran updated", "data": {"old_ekran_after": "id_ekran_11"}, "timestamp": 1777374882332}
{"sessionId": "032654", "runId": "pre-fix", "hypothesisId": "H3", "location": "main.py:proshivka", "message": "using existing path; executing first action", "data": {"pyt0": [15, 24], "online_svyaz_list0": null}, "timestamp": 1777374885300}
{"sessionId": "032654", "runId": "pre-fix", "hypothesisId": "H3", "location": "main.py:proshivka", "message": "using existing path; executing first action", "data": {"pyt0": [16, 25], "online_svyaz_list0": 25}, "timestamp": 1777374896650}
{"sessionId": "032654", "runId": "pre-fix", "hypothesisId": "H3", "location": "main.py:proshivka", "message": "using existing path; executing first action", "data": {"pyt0": [10, 26], "online_svyaz_list0": 25}, "timestamp": 1777374909858}
{"sessionId": "032654", "runId": "pre-fix", "hypothesisId": "H3", "location": "main.py:proshivka", "message": "using existing path; executing first action", "data": {"pyt0": [17, 27], "online_svyaz_list0": 11}, "timestamp": 1777374915768}
{"sessionId": "032654", "runId": "pre-fix", "hypothesisId": "H4", "location": "main.py:perenos_sostoyaniya", "message": "screen state transfer", "data": {"new_name_id_ekran": "id_ekran_9", "old_ekran_before": "id_ekran_11", "screen_last_update": 1777374921.1107752}, "timestamp": 1777374922602}
{"sessionId": "032654", "runId": "pre-fix", "hypothesisId": "H4", "location": "main.py:perenos_sostoyaniya", "message": "old_ekran updated", "data": {"old_ekran_after": "id_ekran_9"}, "timestamp": 1777374922616}
{"sessionId": "032654", "runId": "pre-fix", "hypothesisId": "H3", "location": "main.py:proshivka", "message": "using existing path; executing first action", "data": {"pyt0": [13, 28], "online_svyaz_list0": 8}, "timestamp": 1777374928288}
{"sessionId": "032654", "runId": "pre-fix", "hypothesisId": "H3", "location": "main.py:proshivka", "message": "using existing path; executing first action", "data": {"pyt0": [10, 29], "online_svyaz_list0": 8}, "timestamp": 1777374943918}
{"sessionId": "032654", "runId": "pre-fix", "hypothesisId": "H3", "location": "main.py:proshivka", "message": "picked first online link", "data": {"pervaya_online_svyaz": 11, "id_finish": 1}, "timestamp": 1777374950754}
{"sessionId": "032654", "runId": "pre-fix", "hypothesisId": "H4", "location": "main.py:perenos_sostoyaniya", "message": "screen state transfer", "data": {"new_name_id_ekran": "id_ekran_10", "old_ekran_before": "id_ekran_9", "screen_last_update": 1777374985.5839276}, "timestamp": 1777374986936}
{"sessionId": "032654", "runId": "pre-fix", "hypothesisId": "H4", "location": "main.py:perenos_sostoyaniya", "message": "old_ekran updated", "data": {"old_ekran_after": "id_ekran_10"}, "timestamp": 1777374986958}
{"sessionId": "032654", "runId": "pre-fix", "hypothesisId": "H1", "location": "main.py:main_loop", "message": "input 0 branch executed", "data": {"old_ekran_after": 0, "online_svyaz_list_len": 0, "in_pamyat_name_len": 1}, "timestamp": 1777375117016}
{"sessionId": "032654", "runId": "pre-fix", "hypothesisId": "H1", "location": "main.py:stiranie_pamyati", "message": "memory erase requested", "data": {"old_ekran_before": 0}, "timestamp": 1777376800732}
{"sessionId": "032654", "runId": "pre-fix", "hypothesisId": "H1", "location": "main.py:stiranie_pamyati", "message": "memory erase completed", "data": {"old_ekran_after": 0}, "timestamp": 1777376800734}
{"sessionId": "032654", "runId": "pre-fix", "hypothesisId": "H1", "location": "main.py:main_loop", "message": "input 0 branch executed", "data": {"old_ekran_after": 0, "online_svyaz_list_len": 0, "in_pamyat_name_len": 0}, "timestamp": 1777376963283}
{"sessionId": "032654", "runId": "pre-fix", "hypothesisId": "H1", "location": "main.py:stiranie_pamyati", "message": "memory erase requested", "data": {"old_ekran_before": 0}, "timestamp": 1777377019425}
{"sessionId": "032654", "runId": "pre-fix", "hypothesisId": "H1", "location": "main.py:stiranie_pamyati", "message": "memory erase completed", "data": {"old_ekran_after": 0}, "timestamp": 1777377019566}
{"sessionId": "032654", "runId": "pre-fix", "hypothesisId": "H1", "location": "main.py:main_loop", "message": "input 0 branch executed", "data": {"old_ekran_after": 0, "online_svyaz_list_len": 0, "in_pamyat_name_len": 0}, "timestamp": 1777377052371}
{"sessionId": "032654", "runId": "pre-fix", "hypothesisId": "H4", "location": "main.py:perenos_sostoyaniya", "message": "screen state transfer", "data": {"new_name_id_ekran": "id_ekran_12", "old_ekran_before": 0, "screen_last_update": 1777377264.2056365}, "timestamp": 1777377265394}
{"sessionId": "032654", "runId": "pre-fix", "hypothesisId": "H4", "location": "main.py:perenos_sostoyaniya", "message": "old_ekran updated", "data": {"old_ekran_after": "id_ekran_12"}, "timestamp": 1777377265399}
{"sessionId": "032654", "runId": "pre-fix", "hypothesisId": "H1", "location": "main.py:main_loop", "message": "input 0 branch executed", "data": {"old_ekran_after": 0, "online_svyaz_list_len": 0, "in_pamyat_name_len": 0}, "timestamp": 1777377287577}
{"sessionId": "032654", "runId": "pre-fix", "hypothesisId": "H4", "location": "main.py:perenos_sostoyaniya", "message": "screen state transfer", "data": {"new_name_id_ekran": "id_ekran_12", "old_ekran_before": 0, "screen_last_update": 1777377838.82847}, "timestamp": 1777377840141}
{"sessionId": "032654", "runId": "pre-fix", "hypothesisId": "H4", "location": "main.py:perenos_sostoyaniya", "message": "old_ekran updated", "data": {"old_ekran_after": "id_ekran_12"}, "timestamp": 1777377840147}
{"sessionId": "032654", "runId": "pre-fix", "hypothesisId": "H1", "location": "main.py:main_loop", "message": "input 0 branch executed", "data": {"old_ekran_after": 0, "online_svyaz_list_len": 0, "in_pamyat_name_len": 2}, "timestamp": 1777378086484}
{"sessionId": "032654", "runId": "pre-fix", "hypothesisId": "H4", "location": "main.py:perenos_sostoyaniya", "message": "screen state transfer", "data": {"new_name_id_ekran": "id_ekran_13", "old_ekran_before": 0, "screen_last_update": 1777378291.7136755}, "timestamp": 1777378292952}
{"sessionId": "032654", "runId": "pre-fix", "hypothesisId": "H4", "location": "main.py:perenos_sostoyaniya", "message": "old_ekran updated", "data": {"old_ekran_after": "id_ekran_13"}, "timestamp": 1777378293279}
{"sessionId": "032654", "runId": "pre-fix", "hypothesisId": "H1", "location": "main.py:main_loop", "message": "input 0 branch executed", "data": {"old_ekran_after": 0, "online_svyaz_list_len": 0, "in_pamyat_name_len": 1}, "timestamp": 1777378322108}
{"sessionId": "032654", "runId": "pre-fix", "hypothesisId": "H1", "location": "main.py:stiranie_pamyati", "message": "memory erase requested", "data": {"old_ekran_before": 0}, "timestamp": 1777378453346}
{"sessionId": "032654", "runId": "pre-fix", "hypothesisId": "H1", "location": "main.py:stiranie_pamyati", "message": "memory erase completed", "data": {"old_ekran_after": 0}, "timestamp": 1777378453350}
{"sessionId": "032654", "runId": "pre-fix", "hypothesisId": "H4", "location": "main.py:perenos_sostoyaniya", "message": "screen state transfer", "data": {"new_name_id_ekran": "id_ekran_9", "old_ekran_before": 0, "screen_last_update": 1777378460.5570364}, "timestamp": 1777378461665}
{"sessionId": "032654", "runId": "pre-fix", "hypothesisId": "H4", "location": "main.py:perenos_sostoyaniya", "message": "old_ekran updated", "data": {"old_ekran_after": "id_ekran_9"}, "timestamp": 1777378461677}
{"sessionId": "032654", "runId": "pre-fix", "hypothesisId": "H1", "location": "main.py:main_loop", "message": "input 0 branch executed", "data": {"old_ekran_after": 0, "online_svyaz_list_len": 0, "in_pamyat_name_len": 1}, "timestamp": 1777378477771}
{"sessionId": "032654", "runId": "pre-fix", "hypothesisId": "H4", "location": "main.py:perenos_sostoyaniya", "message": "screen state transfer", "data": {"new_name_id_ekran": "id_ekran_14", "old_ekran_before": 0, "screen_last_update": 1777379649.710435}, "timestamp": 1777379650779}
{"sessionId": "032654", "runId": "pre-fix", "hypothesisId": "H4", "location": "main.py:perenos_sostoyaniya", "message": "old_ekran updated", "data": {"old_ekran_after": "id_ekran_14"}, "timestamp": 1777379650786}
{"sessionId": "032654", "runId": "pre-fix", "hypothesisId": "H4", "location": "main.py:perenos_sostoyaniya", "message": "screen state transfer", "data": {"new_name_id_ekran": "id_ekran_9", "old_ekran_before": 0, "screen_last_update": 1777379924.1883667}, "timestamp": 1777379925462}
{"sessionId": "032654", "runId": "pre-fix", "hypothesisId": "H4", "location": "main.py:perenos_sostoyaniya", "message": "old_ekran updated", "data": {"old_ekran_after": "id_ekran_9"}, "timestamp": 1777379925481}
{"sessionId": "032654", "runId": "pre-fix", "hypothesisId": "H4", "location": "main.py:perenos_sostoyaniya", "message": "screen state transfer", "data": {"new_name_id_ekran": "id_ekran_14", "old_ekran_before": "id_ekran_9", "screen_last_update": 1777379943.7208965}, "timestamp": 1777379945532}
{"sessionId": "032654", "runId": "pre-fix", "hypothesisId": "H4", "location": "main.py:perenos_sostoyaniya", "message": "old_ekran updated", "data": {"old_ekran_after": "id_ekran_14"}, "timestamp": 1777379945537}
{"sessionId": "032654", "runId": "pre-fix", "hypothesisId": "H4", "location": "main.py:perenos_sostoyaniya", "message": "screen state transfer", "data": {"new_name_id_ekran": "id_ekran_15", "old_ekran_before": "id_ekran_14", "screen_last_update": 1777379957.51624}, "timestamp": 1777379958265}
{"sessionId": "032654", "runId": "pre-fix", "hypothesisId": "H4", "location": "main.py:perenos_sostoyaniya", "message": "old_ekran updated", "data": {"old_ekran_after": "id_ekran_15"}, "timestamp": 1777379958881}
{"sessionId": "032654", "runId": "pre-fix", "hypothesisId": "H1", "location": "main.py:main_loop", "message": "input 0 branch executed", "data": {"old_ekran_after": 0, "online_svyaz_list_len": 0, "in_pamyat_name_len": 0}, "timestamp": 1777379966123}
{"sessionId": "032654", "runId": "pre-fix", "hypothesisId": "H4", "location": "main.py:perenos_sostoyaniya", "message": "screen state transfer", "data": {"new_name_id_ekran": "id_ekran_15", "old_ekran_before": 0, "screen_last_update": 1777380207.517951}, "timestamp": 1777380209006}
{"sessionId": "032654", "runId": "pre-fix", "hypothesisId": "H4", "location": "main.py:perenos_sostoyaniya", "message": "old_ekran updated", "data": {"old_ekran_after": "id_ekran_15"}, "timestamp": 1777380209030}
{"sessionId": "032654", "runId": "pre-fix", "hypothesisId": "H4", "location": "main.py:perenos_sostoyaniya", "message": "screen state transfer", "data": {"new_name_id_ekran": "id_ekran_16", "old_ekran_before": "id_ekran_15", "screen_last_update": 1777380223.2856154}, "timestamp": 1777380223319}
{"sessionId": "032654", "runId": "pre-fix", "hypothesisId": "H4", "location": "main.py:perenos_sostoyaniya", "message": "old_ekran updated", "data": {"old_ekran_after": "id_ekran_16"}, "timestamp": 1777380223324}
{"sessionId": "032654", "runId": "pre-fix", "hypothesisId": "H4", "location": "main.py:perenos_sostoyaniya", "message": "screen state transfer", "data": {"new_name_id_ekran": "id_ekran_15", "old_ekran_before": "id_ekran_16", "screen_last_update": 1777380229.9951243}, "timestamp": 1777380230121}
{"sessionId": "032654", "runId": "pre-fix", "hypothesisId": "H4", "location": "main.py:perenos_sostoyaniya", "message": "old_ekran updated", "data": {"old_ekran_after": "id_ekran_15"}, "timestamp": 1777380230126}
{"sessionId": "032654", "runId": "pre-fix", "hypothesisId": "H4", "location": "main.py:perenos_sostoyaniya", "message": "screen state transfer", "data": {"new_name_id_ekran": "id_ekran_16", "old_ekran_before": "id_ekran_15", "screen_last_update": 1777380243.4348347}, "timestamp": 1777380244777}
{"sessionId": "032654", "runId": "pre-fix", "hypothesisId": "H4", "location": "main.py:perenos_sostoyaniya", "message": "old_ekran updated", "data": {"old_ekran_after": "id_ekran_16"}, "timestamp": 1777380244795}
{"sessionId": "032654", "runId": "pre-fix", "hypothesisId": "H4", "location": "main.py:perenos_sostoyaniya", "message": "screen state transfer", "data": {"new_name_id_ekran": "id_ekran_15", "old_ekran_before": "id_ekran_16", "screen_last_update": 1777380250.7958257}, "timestamp": 1777380251993}
{"sessionId": "032654", "runId": "pre-fix", "hypothesisId": "H4", "location": "main.py:perenos_sostoyaniya", "message": "old_ekran updated", "data": {"old_ekran_after": "id_ekran_15"}, "timestamp": 1777380251998}
{"sessionId": "032654", "runId": "pre-fix", "hypothesisId": "H2", "location": "main.py:main_loop", "message": "input 1 branch executed; memory cleared and old_ekran re-injected", "data": {"old_ekran": "id_ekran_15", "tekushiy_id": 13, "in_pamyat_name_len": 0, "online_svyaz_list_len": 4}, "timestamp": 1777380378838}
{"sessionId": "032654", "runId": "pre-fix", "hypothesisId": "H1", "location": "main.py:main_loop", "message": "input 0 branch executed", "data": {"old_ekran_after": 0, "online_svyaz_list_len": 0, "in_pamyat_name_len": 0}, "timestamp": 1777380401055}
{"sessionId": "032654", "runId": "pre-fix", "hypothesisId": "H4", "location": "main.py:perenos_sostoyaniya", "message": "screen state transfer", "data": {"new_name_id_ekran": "id_ekran_15", "old_ekran_before": 0, "screen_last_update": 1777380418.884457}, "timestamp": 1777380420572}
{"sessionId": "032654", "runId": "pre-fix", "hypothesisId": "H4", "location": "main.py:perenos_sostoyaniya", "message": "old_ekran updated", "data": {"old_ekran_after": "id_ekran_15"}, "timestamp": 1777380420579}
{"sessionId": "032654", "runId": "pre-fix", "hypothesisId": "H4", "location": "main.py:perenos_sostoyaniya", "message": "screen state transfer", "data": {"new_name_id_ekran": "id_ekran_16", "old_ekran_before": "id_ekran_15", "screen_last_update": 1777380426.760736}, "timestamp": 1777380428037}
{"sessionId": "032654", "runId": "pre-fix", "hypothesisId": "H4", "location": "main.py:perenos_sostoyaniya", "message": "old_ekran updated", "data": {"old_ekran_after": "id_ekran_16"}, "timestamp": 1777380428042}
{"sessionId": "032654", "runId": "pre-fix", "hypothesisId": "H4", "location": "main.py:perenos_sostoyaniya", "message": "screen state transfer", "data": {"new_name_id_ekran": "id_ekran_15", "old_ekran_before": "id_ekran_16", "screen_last_update": 1777380435.3952358}, "timestamp": 1777380435411}
{"sessionId": "032654", "runId": "pre-fix", "hypothesisId": "H4", "location": "main.py:perenos_sostoyaniya", "message": "old_ekran updated", "data": {"old_ekran_after": "id_ekran_15"}, "timestamp": 1777380435415}
{"sessionId": "032654", "runId": "pre-fix", "hypothesisId": "H1", "location": "main.py:main_loop", "message": "input 0 branch executed", "data": {"old_ekran_after": 0, "online_svyaz_list_len": 0, "in_pamyat_name_len": 0}, "timestamp": 1777380440251}
{"sessionId": "032654", "runId": "pre-fix", "hypothesisId": "H4", "location": "main.py:perenos_sostoyaniya", "message": "screen state transfer", "data": {"new_name_id_ekran": "id_ekran_15", "old_ekran_before": 0, "screen_last_update": 1777380546.711756}, "timestamp": 1777380546768}
{"sessionId": "032654", "runId": "pre-fix", "hypothesisId": "H4", "location": "main.py:perenos_sostoyaniya", "message": "old_ekran updated", "data": {"old_ekran_after": "id_ekran_15"}, "timestamp": 1777380546774}
{"sessionId": "032654", "runId": "pre-fix", "hypothesisId": "H4", "location": "main.py:perenos_sostoyaniya", "message": "screen state transfer", "data": {"new_name_id_ekran": "id_ekran_16", "old_ekran_before": "id_ekran_15", "screen_last_update": 1777380552.4302952}, "timestamp": 1777380553200}
{"sessionId": "032654", "runId": "pre-fix", "hypothesisId": "H4", "location": "main.py:perenos_sostoyaniya", "message": "old_ekran updated", "data": {"old_ekran_after": "id_ekran_16"}, "timestamp": 1777380553205}
{"sessionId": "032654", "runId": "pre-fix", "hypothesisId": "H4", "location": "main.py:perenos_sostoyaniya", "message": "screen state transfer", "data": {"new_name_id_ekran": "id_ekran_15", "old_ekran_before": "id_ekran_16", "screen_last_update": 1777380558.340333}, "timestamp": 1777380558380}
{"sessionId": "032654", "runId": "pre-fix", "hypothesisId": "H4", "location": "main.py:perenos_sostoyaniya", "message": "old_ekran updated", "data": {"old_ekran_after": "id_ekran_15"}, "timestamp": 1777380558384}
{"sessionId": "032654", "runId": "pre-fix", "hypothesisId": "H1", "location": "main.py:main_loop", "message": "input 0 branch executed", "data": {"old_ekran_after": 0, "online_svyaz_list_len": 0, "in_pamyat_name_len": 0}, "timestamp": 1777380568247}
